report_number_new,incident,how_reported,full_address2,pd_zone,grid,time_of_call,c_year,c_month,hour_minuets_calc,dayof_week,time_dispatched,time_out,time_in,time_spent,time_response,officer,disposition,response_type,cad_notes
25-000813,Motor Vehicle Theft - 2C:20-3,Phone,"309 Lookout Avenue, Hackensack, NJ, 07601",9.0,I2,2025-01-04 10:59:09,2025,January,10:59,Saturday,2025-01-04 11:12:37,2025-01-04 11:24:46,2025-01-04 11:46:06,0 days 00:21:20,0 days 00:25:37,P.O. Nicholas Mazzaccaro 377,See Report,Routine,"Taken out of driveway last night.  Vehicle was located in Clarkstown, NY.  Involved in a 69 last  - kiselow_g - 1/4/2025 11:00:23 AM
night - kiselow_g - 1/4/2025 11:00:23 AM
? - ? - ?"
25-002564,Criminal Sexual Contact - 2C:14-3a,Other - See Notes,"135 First Street, Hackensack, NJ, 07601",7.0,G3,2025-01-10 14:20:51,2025,January,14:20,Friday,2025-01-10 14:21:29,2025-01-10 14:21:35,2025-01-10 14:21:37,0 days 00:00:02,0 days 00:00:44,Det. Cristobal Lara-Nunez 341,See Report,Routine,
25-002635,Burglary - Auto - 2C:18-2,Phone,"90 Prospect Avenue, Hackensack, NJ, 07601",7.0,G2,2025-01-10 19:49:52,2025,January,19:49,Friday,2025-01-10 20:04:34,2025-01-10 20:09:44,2025-01-10 21:00:18,0 days 00:50:34,0 days 00:19:52,P.O. Ruben Almonte 359,See Report,Emergency,"meet the complainant in the lobby, she is reporting that her company vehicle was broken into and  - cavallo_f - 1/10/2025 7:57:11 PM
tools were stolen from it.  She believes it was her ex-husband. - cavallo_f - 1/10/2025 7:57:35 PM
? - ? - ?"
25-003806,Burglary - Residence - 2C:18-2,9-1-1,"133 Cedar Avenue, Hackensack, NJ, 07601",9.0,I5,2025-01-14 14:59:48,2025,January,14:59,Tuesday,2025-01-14 15:08:29,2025-01-14 15:17:56,2025-01-14 15:49:20,0 days 00:31:24,0 days 00:18:08,P.O. Frank Lorenzo 371,See Report,Emergency,"CALLER STATING THAT HER EX WENT INTO HER HOME AND TOOK SOME ITEMS THAT WERE HERS
 - iannacone_a - 1/14/2025 3:02:06 PM
MALE PARTY IS NO LONGER ON SCENE. UNK WHEN MALE PARTY ENTERED THE RESIDENCE. - iannacone_a - 1/14/2025 3:09:41 PM
County CAD- 25-017062.  Total proceeds- $1,282 - iannacone_a - 1/14/2025 3:47:59 PM"
25-004097,Motor Vehicle Theft - 2C:20-3,Phone,"244 First Street, Hackensack, NJ, 07601",8.0,H3,2025-01-15 12:57:26,2025,January,12:57,Wednesday,2025-01-15 12:59:13,2025-01-15 13:07:41,2025-01-15 14:17:42,0 days 01:10:01,0 days 00:10:15,P.O. Frank Lorenzo 371,See Report,Routine,
25-004629,Robbery - 2C:15-1,Phone,"630 Main Street, Hackensack, NJ, 07601",9.0,I1,2025-01-17 12:16:59,2025,January,12:16,Friday,2025-01-17 12:22:25,2025-01-17 12:24:18,2025-01-17 12:36:44,0 days 00:12:26,0 days 00:07:19,P.O. Massimo Gallorini 379,See Report,Emergency,"Rep that it ocurred on 01/16/2025 @ 2115. Shoplifter assaulted a security guard. - Gervasi_J - 1/17/2025 12:22:23 PM
? - ? - ?
? - ? - ?"
25-005871,Motor Vehicle Theft - 2C:20-3,9-1-1,"33 Ross Avenue, Hackensack, NJ, 07601",9.0,I1,2025-01-22 03:10:53,2025,January,03:10,Wednesday,2025-01-22 03:16:24,2025-01-22 03:21:14,2025-01-22 04:48:03,0 days 01:26:49,0 days 00:10:21,P.O. Roselys Salas 369,See Report,Routine,
25-005972,Burglary - Auto - 2C:18-2,Walk-In,"170 South Park Street, Hackensack, NJ, 07601",7.0,G2,2025-01-22 11:51:55,2025,January,11:51,Wednesday,2025-01-22 12:08:52,2025-01-22 12:08:57,2025-01-22 13:21:59,0 days 01:13:02,0 days 00:17:02,P.O. Bobby Rivera 361,See Report,Emergency,
25-006083,Motor Vehicle Theft - 2C:20-3,Phone,"443 Hudson Street, Hackensack, NJ, 07601",5.0,E3,2025-01-22 19:14:56,2025,January,19:14,Wednesday,2025-01-22 19:21:56,2025-01-22 19:25:15,2025-01-22 21:00:51,0 days 01:35:36,0 days 00:10:19,P.O. Roselys Salas 369,See Report,Routine,
25-006463,Sexual Assault - 2C:14-2b,Phone,"208 Anderson Street, Hackensack, NJ, 07601",8.0,H3,2025-01-24 05:01:17,2025,January,05:01,Friday,2025-01-24 05:04:04,2025-01-24 05:07:21,2025-01-24 06:42:18,0 days 01:34:57,0 days 00:06:04,P.O. Daniel Francavilla 329,See Report,Emergency,"caller reports she woke up with more clothes on then when she went to bed.  as conversation  - ortiz_n - 1/24/2025 5:03:08 AM
progressed caller reported waking up with less clothes and a sore vagina.  - ortiz_n - 1/24/2025 5:03:08 AM
? - ? - ?"
25-008053,Sexual Assault - 2C:14-2b,9-1-1,"140 Hudson Street, Hackensack, NJ, 07601",5.0,E1,2025-01-29 20:53:22,2025,January,20:53,Wednesday,2025-01-29 20:54:28,2025-01-29 20:58:03,2025-01-29 21:15:56,0 days 00:17:53,0 days 00:04:41,P.O. Alexander Reyes 355,See Report,Emergency,"FEMALE CALLER STATED SHE HAS BEEN RAPED - STATED THE MALE PARTY IS STILL THERE  - scott_l - 1/29/2025 8:53:49 PM
 SHE WAS UNSURE IF THERE IS AN APARTMENT NUMBER/LETTER - scott_l - 1/29/2025 8:54:24 PM
CALLER DISCONNECTED.  - scott_l - 1/29/2025 8:55:50 PM"
25-008075,Motor Vehicle Theft - 2C:20-3,Phone,"119 Essex Street, Hackensack, NJ, 07601",6.0,F1,2025-01-29 22:02:24,2025,January,22:02,Wednesday,2025-01-29 22:04:31,2025-01-29 22:11:01,2025-01-29 22:37:19,0 days 00:26:18,0 days 00:08:37,P.O. Roselys Salas 369,See Report,Routine,"See Caller believes her vehicle was stolen...Tow Reports Checked and were negative - Swetits_m - 1/29/2025 10:04:14 PM
? - ? - ?
? - ? - ?"
25-008777,Motor Vehicle Theft - 2C:20-3,9-1-1,"453 Sutton Avenue, Hackensack, NJ, 07601",6.0,F2,2025-02-01 02:52:33,2025,February,02:52,Saturday,2025-02-01 02:55:10,2025-02-01 02:56:13,2025-02-01 05:14:14,0 days 02:18:01,0 days 00:03:40,P.O. Roselys Salas 369,See Report,Routine,"25-039344 - wouters_f - 2/1/2025 2:54:35 AM
? - ? - ?
? - ? - ?"
25-009348,Robbery - 2C:15-1,Radio,"144 Hudson Street, Hackensack, NJ, 07601",5.0,E1,2025-02-03 12:02:04,2025,February,12:02,Monday,2025-02-03 12:02:31,2025-02-03 12:02:36,2025-02-03 12:32:29,0 days 00:29:53,0 days 00:00:32,P.O. Carmine Maceri 378,See Report,Emergency,"flagged down by a male party states he was robbed - Gervasi_J - 2/3/2025 12:02:31 PM
Drone deployed.  Provided overwatch. - weber_r - 2/3/2025 12:04:27 PM
? - ? - ?"
25-009438,Robbery - 2C:15-1,Phone,"400 Hackensack Avenue, Hackensack, NJ, 07601",9.0,I6,2025-02-03 16:40:35,2025,February,16:40,Monday,2025-02-03 16:44:46,2025-02-03 16:49:17,2025-02-03 18:18:58,0 days 01:29:41,0 days 00:08:42,P.O. Aziah Miller 357,See Report,Emergency,"Actors are GOA. Theft of 2 bags and pushed store employee to the floor as they fled.  - farhi_b - 2/3/2025 4:42:06 PM
? - ? - ?
? - ? - ?"
25-009550,Motor Vehicle Theft - 2C:20-3,Phone,"411 Simons Avenue, Hackensack, NJ, 07601",6.0,F2,2025-02-04 03:21:47,2025,February,03:21,Tuesday,2025-02-04 03:23:35,2025-02-04 03:27:49,2025-02-04 03:39:18,0 days 00:11:29,0 days 00:06:02,P.O. Paula Lopez 362,See Report,Routine,"male party attempting to steal callers car fled towards s summit last seen wearing a blk hoodie, 
 - ortiz_n - 2/4/2025 3:23:11 AM
suspect heard callers dog bark and fled area BCC# 25-042959 - ortiz_n - 2/4/2025 3:23:31 AM
? - ? - ?"
25-009657,Motor Vehicle Theft - 2C:20-3,Phone,"55 Midtown Bridge Approach, Hackensack, NJ, 07601",8.0,H1,2025-02-04 12:43:32,2025,February,12:43,Tuesday,2025-02-04 13:24:05,2025-02-04 13:26:36,2025-02-04 14:34:02,0 days 01:07:26,0 days 00:43:04,P.O. Micah Gibson 365,See Report,Routine,"possible 26 - antista_ma - 2/4/2025 12:44:03 PM
? - ? - ?
? - ? - ?"
25-010474,Motor Vehicle Theft - 2C:20-3,Phone,"170 Hudson Street, Hackensack, NJ, 07601",5.0,E2,2025-02-07 07:22:38,2025,February,07:22,Friday,2025-02-07 07:24:11,2025-02-07 07:30:03,2025-02-07 08:33:20,0 days 01:03:17,0 days 00:07:25,P.O. Matthew Tedesco 316,See Report,Routine,"26,  05 dodge caravan, was left running in driveway - small_k - 2/7/2025 7:23:41 AM
? - ? - ?
? - ? - ?"
25-010788,Motor Vehicle Theft - 2C:20-3,Walk-In,"Hudson Street & Moonachie Road, Hackensack, NJ, 07601",5.0,E3,2025-02-08 09:22:04,2025,February,09:22,Saturday,2025-02-08 09:25:59,2025-02-08 09:30:01,2025-02-08 10:26:16,0 days 00:56:15,0 days 00:07:57,P.O. Daniel Francavilla 329,See Report,Routine,
25-012325,Burglary - Auto - 2C:18-2,Phone,"280 Kipp Street, Hackensack, NJ, 07601",6.0,F3,2025-02-14 07:10:39,2025,February,07:10,Friday,2025-02-14 07:12:18,2025-02-14 07:15:51,2025-02-14 07:34:26,0 days 00:18:35,0 days 00:05:12,P.O. Angelo Vicale 370,See Report,Emergency,"PSE&G van - wouters_f - 2/14/2025 7:11:15 AM
? - ? - ?
? - ? - ?"
25-013091,Motor Vehicle Theft - 2C:20-3,Walk-In,"100 Second Street, Hackensack, NJ, 07601",7.0,G3,2025-02-17 08:22:14,2025,February,08:22,Monday,2025-02-17 08:25:04,2025-02-17 08:38:55,2025-02-17 09:39:13,0 days 01:00:18,0 days 00:16:41,P.O. Ruben Almonte 359,See Report,Routine,"Walk in, Stolen Auto, Located in Rochelle Park with no wheels on it. - cavallo_f - 2/17/2025 8:25:31 AM
Advise Rochelle park once entered into NCIC, - cavallo_f - 2/17/2025 8:24:48 AM
? - ? - ?"
25-013527,Sexual Assault - 2C:14-2b,Phone,"240  Prospect Avenue, Hackensack, NJ, 07601",8.0,H4,2025-02-18 17:39:20,2025,February,17:39,Tuesday,2025-02-18 17:39:43,2025-02-18 17:40:26,2025-02-18 17:40:29,0 days 00:00:03,0 days 00:01:06,Det. Matthew Dogali 338,See Report,Emergency,"Patient located at Mt. Sinai ER, responding with Det. Tanucilli - dogali_m - 2/18/2025 5:40:25 PM
? - ? - ?
? - ? - ?"
25-013689,Motor Vehicle Theft - 2C:20-3,Walk-In,"18 East Camden Street, Hackensack, NJ, 07601",8.0,H1,2025-02-19 09:17:12,2025,February,09:17,Wednesday,2025-02-19 09:20:09,2025-02-19 09:23:27,2025-02-19 09:48:23,0 days 00:24:56,0 days 00:06:15,P.O. Micah Gibson 365,See Report,Routine,"*****walk in***** - cavallo_f - 2/19/2025 9:17:36 AM
? - ? - ?
? - ? - ?"
25-014007,Sexual Assault - 2C:14-2b,Phone,"360 Union Street, Hackensack, NJ, 07601",8.0,H2,2025-02-20 12:52:04,2025,February,12:52,Thursday,2025-02-20 13:03:28,2025-02-20 13:09:45,2025-02-20 13:46:54,0 days 00:37:09,0 days 00:17:41,P.O. Angie Tabares 363,See Report,Emergency,"See Det. James  - briggs_s - 2/20/2025 12:52:29 PM
? - ? - ?
? - ? - ?"
25-015290,Motor Vehicle Theft - 2C:20-3,9-1-1,"430 Washington Avenue, Hackensack, NJ, 07601",5.0,E3,2025-02-24 23:47:34,2025,February,23:47,Monday,2025-02-24 23:51:04,2025-02-24 23:55:43,2025-02-25 00:48:01,0 days 00:52:18,0 days 00:08:09,P.O. Denisse Caero 367,See Report,Routine,"CCAD# 25-069523  possible 26 - Sosa_C - 2/24/2025 11:48:44 PM
? - ? - ?
? - ? - ?"
25-016142,Burglary - Residence - 2C:18-2,Phone,"100 State Street, Hackensack, NJ, 07601",7.0,G1,2025-02-27 21:22:35,2025,February,21:22,Thursday,2025-02-27 21:27:26,2025-02-27 21:30:24,2025-02-27 22:14:31,0 days 00:44:07,0 days 00:07:49,P.O. Anthony Mattalian 83,See Report,Emergency,"caller reports her door knob is hanging off the door and key fob is non functional  - ortiz_n - 2/27/2025 9:23:50 PM
? - ? - ?
? - ? - ?"
25-018160,Burglary - Auto - 2C:18-2,Phone,"216 Central Avenue, Hackensack, NJ, 07601",8.0,H3,2025-03-06 22:35:45,2025,March,22:35,Thursday,2025-03-06 22:46:48,2025-03-06 22:50:26,2025-03-06 23:21:01,0 days 00:30:35,0 days 00:14:41,P.O. Ruben Almonte 359,See Report,Emergency,"see Mike Gibson in ref to a 43 to his car - antista_ma - 3/6/2025 10:36:22 PM
? - ? - ?
? - ? - ?"
25-019111,Sexual Assault - 2C:14-2b,9-1-1,"65 Court Street, Hackensack, NJ, 07601",5.0,E1,2025-03-09 21:32:32,2025,March,21:32,Sunday,2025-03-09 21:34:13,2025-03-09 21:36:05,2025-03-09 22:14:52,0 days 00:38:47,0 days 00:03:33,P.O. Roselys Salas 369,See Report,Emergency,"CALLERS REPORTING HE HEARS A FEMALE PARTY SCREAMING ""IM GETTING RAPED CALL 911"" - scott_l - 3/9/2025 9:33:45 PM
BEHIND PEP BOYS - scott_l - 3/9/2025 9:33:45 PM
ccad# 25-087241 - scott_l - 3/9/2025 9:34:09 PM"
25-019245,Burglary - Auto - 2C:18-2,Phone,"282 American Legion Drive, Hackensack, NJ, 07601",7.0,G3,2025-03-10 08:53:28,2025,March,08:53,Monday,2025-03-10 08:53:28,2025-03-10 08:53:28,2025-03-10 08:53:28,0 days 00:00:00,0 days 00:00:00,P.O. Peter Voorhis 380,See Report,Emergency,"Silver Hyundai.  2 door.  Complainant standing  with the vehicle - kiselow_g - 3/10/2025 8:54:41 AM
? - ? - ?
? - ? - ?"
25-020998,Burglary - Residence - 2C:18-2,Phone,"472 Passaic Street, Hackensack, NJ, 07601",8.0,H5,2025-03-15 20:39:03,2025,March,20:39,Saturday,2025-03-15 20:51:59,2025-03-15 20:59:50,2025-03-15 21:21:57,0 days 00:22:07,0 days 00:20:47,P.O. Angie Tabares 363,See Report,Emergency,"Complainant is reporting that Noel Smith Stole a box containing $3000 from her closet. - cavallo_f - 3/15/2025 8:47:30 PM
no contact order in effect barring him from the property - cavallo_f - 3/15/2025 8:52:31 PM
? - ? - ?"
25-021086,Burglary - Residence - 2C:18-2,9-1-1,"64 Prospect Avenue, Hackensack, NJ, 07601",7.0,G4,2025-03-16 03:15:35,2025,March,03:15,Sunday,2025-03-16 03:18:55,2025-03-16 03:25:05,2025-03-16 06:25:03,0 days 02:59:58,0 days 00:09:30,P.O. Aziah Miller 357,See Report,Emergency,"caller(Jasmine) is stating that her daughters father broke into her apartment  - cavallo_f - 3/16/2025 3:18:37 AM
no longer lives there , unwilling to leave male party name is kevin Entry Code #9211 - cavallo_f - 3/16/2025 3:18:37 AM
Father states he justs wants to see his daughter, Poss. intoxicated CFS:25-095926 - cavallo_f - 3/16/2025 3:18:37 AM"
25-021797,Burglary - Residence - 2C:18-2,Phone,"45 Linden Street, Hackensack, NJ, 07601",8.0,H3,2025-03-18 11:39:23,2025,March,11:39,Tuesday,2025-03-18 12:06:22,2025-03-18 12:14:36,2025-03-18 12:44:11,0 days 00:29:35,0 days 00:35:13,P.O. Nicholas Mazzaccaro 377,See Report,Emergency,"Discovered on Friday, has been contaminating the scene since then - knapp_j - 3/18/2025 11:41:26 AM
? - ? - ?
? - ? - ?"
25-022902,Motor Vehicle Theft - 2C:20-3,Phone,"171 Kenneth Street, Hackensack, NJ, 07601",6.0,F1,2025-03-21 14:19:53,2025,March,14:19,Friday,2025-03-21 14:24:23,2025-03-21 14:34:19,2025-03-21 16:25:41,0 days 01:51:22,0 days 00:14:26,P.O. Andres Lopez 375,See Report,Routine,"Rocky Auto Shop. Report of a stolen Burgundy Chevrolet Express van. - dominguez_p - 3/21/2025 2:21:37 PM
? - ? - ?
? - ? - ?"
25-023424,Burglary - Auto - 2C:18-2,9-1-1,"24 Pulaski Park, Hackensack, NJ, 07601",5.0,E3,2025-03-23 04:55:22,2025,March,04:55,Sunday,2025-03-23 04:57:23,2025-03-23 05:01:37,2025-03-23 06:11:29,0 days 01:09:52,0 days 00:06:15,P.O. Micah Gibson 365,See Report,Emergency,"Caller reported that someone broke the lock to his vehicle in an attempt to steal his tools - farhi_b - 3/23/2025 4:57:03 AM
Suspect vehicle is a white Honda CRV which fled onto Hudson St and possibly Rt 80 - farhi_b - 3/23/2025 4:57:03 AM
? - ? - ?"
25-024100,Robbery - 2C:15-1,Radio,"450 Hackensack Avenue, Hackensack, NJ, 07601",9.0,I6,2025-03-25 12:04:57,2025,March,12:04,Tuesday,2025-03-25 12:07:11,2025-03-25 12:15:35,2025-03-25 13:10:31,0 days 00:54:56,0 days 00:10:38,P.O. Christian Alvarez 364,See Report,Emergency,"Stated a female jumped out of a car a forcibly stole his watch. (standing by at his vehicle) - klosk_J - 3/25/2025 12:06:34 PM
in front of store - klosk_J - 3/25/2025 12:06:34 PM
Drone deployed.  Provided overwatch. - weber_r - 3/25/2025 12:12:47 PM"
25-024791,Burglary - Commercial - 2C:18-2,Phone,"211 Essex Street, Hackensack, NJ, 07601",6.0,F1,2025-03-27 12:51:45,2025,March,12:51,Thursday,2025-03-27 13:00:57,2025-03-27 13:16:17,2025-03-27 14:27:17,0 days 01:11:00,0 days 00:24:32,P.O. Daniel Francavilla 329,See Report,Emergency,"Caller reported that the 43 possibly occurred overnight / this morning.   Waited for building  - kiselow_g - 3/27/2025 12:53:26 PM
management to arrive before contacting the Police - kiselow_g - 3/27/2025 12:54:13 PM
? - ? - ?"
25-025078,Burglary - Residence - 2C:18-2,9-1-1,"2 Park Avenue, Hackensack, NJ, 07601",8.0,H1,2025-03-28 11:13:39,2025,March,11:13,Friday,2025-03-28 11:17:16,2025-03-28 11:19:12,2025-03-28 13:40:32,0 days 02:21:20,0 days 00:05:33,P.O. Peter Voorhis 380,See Report,Emergency,"CALLER STATES HIS APT WAS BURGLARIZED SOMETIME LAST NIGHT - Gervasi_J - 3/28/2025 11:15:09 AM
CALLER FOUND THE DOOR TO BE BROKEN - Gervasi_J - 3/28/2025 11:15:09 AM
CC#25-112442 - Gervasi_J - 3/28/2025 11:15:09 AM"
25-025341,Motor Vehicle Theft - 2C:20-3,Phone,"296 Berry Street, Hackensack, NJ, 07601",8.0,H4,2025-03-29 10:19:00,2025,March,10:19,Saturday,2025-03-29 10:20:44,2025-03-29 10:23:59,2025-03-29 11:41:28,0 days 01:17:29,0 days 00:04:59,P.O. Wanda Rivera 161,See Report,Routine,"Caller, Navarro Gray, reports his father's vehicle may have been stolen overnight. - competiello_fa - 3/29/2025 10:20:04 AM
? - ? - ?
? - ? - ?"
25-025926,Burglary - Residence - 2C:18-2,Phone,"100 Essex Street, Hackensack, NJ, 07601",7.0,G2,2025-03-31 13:02:43,2025,March,13:02,Monday,2025-03-31 13:06:55,2025-03-31 13:11:21,2025-03-31 14:02:57,0 days 00:51:36,0 days 00:08:38,P.O. Anthony Mattalian 83,See Report,Emergency,"John Ross - ortiz_n - 3/31/2025 1:04:22 PM
? - ? - ?
? - ? - ?"
25-026077,Burglary - Auto - 2C:18-2,9-1-1,"Central Avenue & Second Street, Hackensack, NJ, 07601",7.0,G3,2025-03-31 22:19:40,2025,March,22:19,Monday,2025-03-31 22:23:46,2025-03-31 22:26:37,2025-03-31 23:03:52,0 days 00:37:15,0 days 00:06:57,P.O. Jeffrey Rodriguez 342,See Report,Emergency,"TOYOTA SIENNA NJ REG J72JJJ  - scott_l - 3/31/2025 10:21:35 PM
VEHICLE WAS PARKED @ 1830 HOURS. 
 - scott_l - 3/31/2025 10:21:03 PM
AME BACK AND FOUND BELONGINGS HAD BEEN GONE THRU - scott_l - 3/31/2025 10:21:03 PM"
25-026145,Burglary - Commercial - 2C:18-2,Phone,"45 Essex Street, Hackensack, NJ, 07601",5.0,E1,2025-04-01 06:22:25,2025,April,06:22,Tuesday,2025-04-01 06:27:15,2025-04-01 06:28:41,2025-04-01 07:00:47,0 days 00:32:06,0 days 00:06:16,P.O. Frank Caneja 346,See Report,Emergency,"galss back door found pryed open.  Madelyn will meet you out front.  Madyln has already entered - ortiz_n - 4/1/2025 6:24:46 AM
the building but has been advised to exit. - ortiz_n - 4/1/2025 6:24:51 AM
? - ? - ?"
25-026357,Burglary - Auto - 2C:18-2,Phone,"77 Prospect Avenue, Hackensack, NJ, 07601",7.0,G4,2025-04-01 20:28:40,2025,April,20:28,Tuesday,2025-04-01 20:31:29,2025-04-01 20:34:20,2025-04-01 21:49:35,0 days 01:15:15,0 days 00:05:40,P.O. Anzour Marza 356,See Report,Emergency,"caller states his 2024 Mazda was broken into - antista_ma - 4/1/2025 8:29:54 PM
? - ? - ?
? - ? - ?"
25-027338,Burglary - Residence - 2C:18-2,Phone,"75 Fair Street, Hackensack, NJ, 07601",5.0,E1,2025-04-04 13:05:28,2025,April,13:05,Friday,2025-04-04 13:10:01,2025-04-04 13:14:01,2025-04-04 15:14:19,0 days 02:00:18,0 days 00:08:33,P.O. Alexander Reyes 355,See Report,Emergency,"mother - victoria lawson - went to hospital - son (comp) reporting that neighbors check her - wouters_f - 4/4/2025 1:08:08 PM
home when she's not there. they are reporting a TV was stolen. -  Ring doorbell present - wouters_f - 4/4/2025 1:08:08 PM
Landlord - Andre 201-745-7849 - wouters_f - 4/4/2025 1:08:08 PM"
25-028849,Burglary - Residence - 2C:18-2,9-1-1,"260 Prospect Avenue, Hackensack, NJ, 07601",8.0,H4,2025-04-09 11:34:58,2025,April,11:34,Wednesday,2025-04-09 11:37:43,2025-04-09 12:01:15,2025-04-09 12:01:26,0 days 00:00:11,0 days 00:26:17,P.O. Angie Tabares 363,See Report,Emergency,"someone just broke in and stole items - rivera_w - 4/9/2025 11:38:04 AM
BC#25-127915 - rivera_w - 4/9/2025 11:36:18 AM
? - ? - ?"
25-029155,Burglary - Auto - 2C:18-2,Phone,"283 Summit Avenue, Hackensack, NJ, 07601",8.0,H5,2025-04-10 13:49:36,2025,April,13:49,Thursday,2025-04-10 13:54:55,2025-04-10 14:00:50,2025-04-10 14:25:28,0 days 00:24:38,0 days 00:11:14,P.O. Roselys Salas 369,See Report,Emergency,"Burglary to auto caught on ring camera - wouters_f - 4/10/2025 1:52:02 PM
? - ? - ?
? - ? - ?"
25-029787,Burglary - Residence - 2C:18-2,Radio,"1 Park Avenue, Hackensack, NJ, 07601",8.0,H1,2025-04-12 09:47:06,2025,April,09:47,Saturday,2025-04-12 09:50:25,2025-04-12 09:53:43,2025-04-12 11:09:44,0 days 01:16:01,0 days 00:06:37,P.O. Roselys Salas 369,See Report,Emergency,"shes in the apartment now - wouters_f - 4/12/2025 9:47:28 AM
look for a benz gle (possibly black) with pa plates.  if located, stop and id driver - wouters_f - 4/12/2025 9:50:16 AM
? - ? - ?"
25-030391,Sexual Assault - 2C:14-2b,Walk-In,"2 Kinderkamack Road, Hackensack, NJ, 07601",9.0,I4,2025-04-14 11:53:23,2025,April,11:53,Monday,2025-04-14 12:00:50,2025-04-14 12:01:54,2025-04-14 14:49:51,0 days 02:47:57,0 days 00:08:31,P.O. Juda DeOliveira 376,See Report,Emergency,"*******walk in*********** - antista_ma - 4/14/2025 11:54:51 AM
? - ? - ?
? - ? - ?"
25-031686,Robbery - 2C:15-1,Phone,"125 River Street, Hackensack, NJ, 07601",7.0,G1,2025-04-18 23:27:52,2025,April,23:27,Friday,2025-04-18 23:29:47,2025-04-18 23:34:32,2025-04-19 00:10:01,0 days 00:35:29,0 days 00:06:40,P.O. Kevin Small 328,See Report,Emergency,"River Edge is out with a male party who reported that he was assaulted at the bus terminal - kiselow_g - 4/18/2025 11:29:13 PM
Grand and Kinderkamack - kiselow_g - 4/18/2025 11:29:13 PM
? - ? - ?"
25-031868,Burglary - Auto - 2C:18-2,9-1-1,"11 Passaic Street, Hackensack, NJ, 07601",8.0,H1,2025-04-19 15:17:07,2025,April,15:17,Saturday,2025-04-19 15:20:33,2025-04-19 15:24:47,2025-04-19 16:31:45,0 days 01:06:58,0 days 00:07:40,P.O. Laura Lopez-Amaya 374,See Report,Emergency,"BC#25-141524 STATES SOMEONE TOOK HIS WALLET FROM CALLERS VEHICLE - Arenas_C - 4/19/2025 3:18:17 PM
WINDOW WAS LEFT OPEN. - Arenas_C - 4/19/2025 3:18:45 PM
? - ? - ?"
25-032420,Burglary - Commercial - 2C:18-2,9-1-1,"16 Johnson Avenue, Hackensack, NJ, 07601",9.0,I4,2025-04-21 08:04:33,2025,April,08:04,Monday,2025-04-21 08:07:10,2025-04-21 08:10:57,2025-04-21 10:25:51,0 days 02:14:54,0 days 00:06:24,P.O. Laura Lopez-Amaya 374,See Report,Emergency,"CCAD# 25-143362  Employee will be in a white Cadillac waiting for officer. She entered the dental - Sosa_C - 4/21/2025 8:06:27 AM
office and there were bottles and a lock box strewn around - Sosa_C - 4/21/2025 8:06:27 AM
? - ? - ?"
25-032505,Burglary - Auto - 2C:18-2,Walk-In,"395 South River Street, Hackensack, NJ, 07601",5.0,E3,2025-04-21 12:46:50,2025,April,12:46,Monday,2025-04-21 13:07:07,2025-04-21 13:08:32,2025-04-21 13:57:21,0 days 00:48:49,0 days 00:21:42,P.O. Alexander Reyes 355,See Report,Emergency,"***WALK IN*** occurred b/w 4/8-4/10 - wouters_f - 4/21/2025 12:47:37 PM
? - ? - ?
? - ? - ?"
25-033529,Criminal Sexual Contact - 2C:14-3a,Other - See Notes,"135 First Street, Hackensack, NJ, 07601",7.0,G3,2025-04-24 15:16:12,2025,April,15:16,Thursday,2025-04-24 15:16:56,2025-04-24 15:16:59,2025-04-24 15:17:03,0 days 00:00:04,0 days 00:00:47,Det. Cristobal Lara-Nunez 341,See Report,Routine,
25-033886,Motor Vehicle Theft - 2C:20-3,Phone,"11 East Anderson Street, Hackensack, NJ, 07601",8.0,H1,2025-04-25 13:44:16,2025,April,13:44,Friday,2025-04-25 13:47:34,2025-04-25 13:51:41,2025-04-25 14:36:27,0 days 00:44:46,0 days 00:07:25,P.O. Juda DeOliveira 376,See Report,Routine,"Suspect rented a vehicle 3/19-4/11 and did not return it.  - farhi_b - 4/25/2025 1:46:57 PM
? - ? - ?
? - ? - ?"
25-034164,Burglary - Residence - 2C:18-2,Phone,"46 Newman Street, Hackensack, NJ, 07601",7.0,G3,2025-04-26 10:30:29,2025,April,10:30,Saturday,2025-04-26 10:35:25,2025-04-26 10:37:35,2025-04-26 14:11:01,0 days 03:33:26,0 days 00:07:06,P.O. Maximiliano Anguizaca 368,See Report,Emergency,
25-034836,Motor Vehicle Theft - 2C:20-3,Phone,"530 West Lookout Avenue, Hackensack, NJ, 07601",9.0,I2,2025-04-28 15:57:33,2025,April,15:57,Monday,2025-04-28 16:06:42,2025-04-28 16:15:23,2025-04-28 16:36:03,0 days 00:20:40,0 days 00:17:50,P.O. Laura Lopez-Amaya 374,See Report,Routine," - wouters_f - 4/28/2025 4:06:35 PM
? - ? - ?
? - ? - ?"
25-035174,Motor Vehicle Theft - 2C:20-3,Phone,"240 Prospect Avenue, Hackensack, NJ, 07601",8.0,H4,2025-04-29 14:49:23,2025,April,14:49,Tuesday,2025-04-29 15:20:18,2025-04-29 15:32:10,2025-04-29 16:05:12,0 days 00:33:02,0 days 00:42:47,P.O. Alexander Reyes 355,See Report,Routine,
25-035499,Robbery - 2C:15-1,Walk-In,"Gamewell Street & South Park Street, Hackensack, NJ, 07601",7.0,,2025-04-30 16:19:23,2025,April,16:19,Wednesday,2025-04-30 16:25:15,2025-04-30 16:28:25,2025-04-30 17:28:50,0 days 01:00:25,0 days 00:09:02,P.O. Angie Tabares 363,See Report,Emergency,"spanish speaking officer, 17 year old reporting that two parties assaulted him and stole his phone - cavallo_f - 4/30/2025 4:23 PM
He believes one party had a knife - cavallo_f - 4/30/2025 4:24:06 PM
? - ? - ?"
25-036368,Motor Vehicle Theft - 2C:20-3,Phone,"326 Prospect Avenue, Hackensack, NJ, 07601",8.0,H4,2025-05-03 11:59:36,2025,May,11:59,Saturday,2025-05-03 12:07:36,2025-05-03 12:14:34,2025-05-03 14:11:29,0 days 01:56:55,0 days 00:14:58,P.O. Juda DeOliveira 376,See Report,Routine,"complainant will be standing by in the lobby, 2023 Yamaha No further info at this time, incident - cavallo_f - 5/3/2025 12:04:16 PM
occurred within the past 30 days - cavallo_f - 5/3/2025 12:02:34 PM
? - ? - ?"
25-037005,Motor Vehicle Theft - 2C:20-3,9-1-1,"233 Kinderkamack Road, Hackensack, NJ, 07601",9.0,I4,2025-05-05 18:07:55,2025,May,18:07,Monday,2025-05-05 18:40:35,2025-05-05 18:49:20,2025-05-05 19:15:37,0 days 00:26:17,0 days 00:41:25,P.O. Angelo Vicale 370,See Report,Routine,"CCAD# 25-163269  Indira states her VW was taken in the past hour  - sosa_c - 5/5/2025 6:09:06 PM
? - ? - ?
? - ? - ?"
25-037180,Sexual Assault - 2C:14-2b,9-1-1,"119 Essex Street, Hackensack, NJ, 07601",6.0,F1,2025-05-06 09:46:13,2025,May,09:46,Tuesday,2025-05-06 09:48:22,2025-05-06 09:48:25,2025-05-06 10:23:13,0 days 00:34:48,0 days 00:02:12,P.O. Bobby Rivera 361,See Report,Emergency,"CCAD# 25-164069  caller stated there is a male party attempting to have sex with a female - Sosa_C - 5/6/2025 9:48:22 AM
without her consent and stated the male has multiple firearms - Sosa_C - 5/6/2025 9:48:22 AM
? - ? - ?"
25-038062,Burglary - Residence - 2C:18-2,Phone,"100 John Street, Hackensack, NJ, 07601",7.0,G2,2025-05-09 00:45:54,2025,May,00:45,Friday,2025-05-09 00:47:38,2025-05-09 00:50:22,2025-05-09 06:13:42,0 days 05:23:20,0 days 00:04:28,P.O. Juda DeOliveira 376,See Report,Emergency,"party sates daughter ex has been stalking her & broker houses window 2 mins in the past - cavallo_f - 5/9/2025 12:46:51 AM
17 y?o male BC:25-168098 - cavallo_f - 5/9/2025 12:48:14 AM
party is in the backyard. Hispanic male, tall, ski mask with hooded  - farhi_b - 5/9/2025 12:48:53 AM"
25-038971,Burglary - Auto - 2C:18-2,Phone,"38 Moonachie Road, Hackensack, NJ, 07601",5.0,E3,2025-05-12 06:50:10,2025,May,06:50,Monday,2025-05-12 06:53:17,2025-05-12 07:01:17,2025-05-12 07:24:15,0 days 00:22:58,0 days 00:11:07,P.O. Forrod Bonsu 353,See Report,Emergency,"In parking lot.   Left vehicle doors unlocked - kiselow_g - 5/12/2025 6:51:35 AM
? - ? - ?
? - ? - ?"
25-039095,Burglary - Residence - 2C:18-2,Walk-In,"343 Park Street, Hackensack, NJ, 07601",8.0,H2,2025-05-12 13:20:26,2025,May,13:20,Monday,2025-05-12 13:32:18,2025-05-12 13:47:44,2025-05-12 14:41:31,0 days 00:53:47,0 days 00:27:18,P.O. Peter Voorhis 380,See Report,Emergency,"Occurred on the first of the month.  Fraud on debit card.  Packet complete - kiselow_g - 5/12/2025 1:25:52 PM
Walk in - kiselow_g - 5/12/2025 1:30:05 PM
? - ? - ?"
25-039451,Sexual Assault - 2C:14-2b,Other - See Notes,"135 First Street, Hackensack, NJ, 07601",7.0,G3,2025-05-13 15:15:09,2025,May,15:15,Tuesday,2025-05-13 15:16:01,2025-05-13 15:16:03,2025-05-13 15:16:39,0 days 00:00:36,0 days 00:00:54,Det. Cristobal Lara-Nunez 341,See Report,Emergency,
25-039778,Motor Vehicle Theft - 2C:20-3,Phone,"520 River Street, Hackensack, NJ, 07601",9.0,I1,2025-05-14 15:30:51,2025,May,15:30,Wednesday,2025-05-14 15:32:26,2025-05-14 15:37:23,2025-05-14 16:45:23,0 days 01:08:00,0 days 00:06:32,P.O. Kevin Small 328,See Report,Routine,"26 from lot - kiselow_g - 5/14/2025 3:31:13 PM
? - ? - ?
? - ? - ?"
25-039963,Motor Vehicle Theft - 2C:20-3,Walk-In,"90 Railroad Avenue, Hackensack, NJ, 07601",7.0,G2,2025-05-15 08:15:38,2025,May,08:15,Thursday,2025-05-15 08:16:17,2025-05-15 08:16:25,2025-05-15 08:52:35,0 days 00:36:10,0 days 00:00:47,P.O. Christian Alvarez 364,See Report,Routine,
25-040394,Burglary - Residence - 2C:18-2,Walk-In,"33 Henry Place, Hackensack, NJ, 07601",5.0,E3,2025-05-16 13:20:08,2025,May,13:20,Friday,2025-05-16 13:32:10,2025-05-16 13:32:17,2025-05-16 14:59:53,0 days 01:27:36,0 days 00:12:09,P.O. Paula Lopez 362,See Report,Emergency,"walk in reporting her apartment was burglarized twice this week. Monday and today.  - ortiz_n - 5/16/2025 1:23:22 PM
party is already reluctant to provide address. - ortiz_n - 5/16/2025 1:24:13 PM
? - ? - ?"
25-041339,Motor Vehicle Theft - 2C:20-3,9-1-1,"55 Clinton Place, Hackensack, NJ, 07601",9.0,I1,2025-05-19 19:32:34,2025,May,19:32,Monday,2025-05-19 19:34:39,2025-05-19 19:45:24,2025-05-19 20:58:14,0 days 01:12:50,0 days 00:12:50,P.O. Aziah Miller 357,See Report,Routine,"caller rpeorting her grey ford escape was stolen - Sroka_T - 5/19/2025 7:34:01 PM
last saw the vehicle at 8pm yesterday in the parking lot keys not in the vehicle - Sroka_T - 5/19/2025 7:34:01 PM
CCAD # 25-182882 - Sroka_T - 5/19/2025 7:34:01 PM"
25-041571,Burglary - Auto - 2C:18-2,Walk-In,"461 Passaic Street, Hackensack, NJ, 07601",8.0,H5,2025-05-20 13:30:15,2025,May,13:30,Tuesday,2025-05-20 14:04:37,2025-05-20 14:04:38,2025-05-20 14:33:41,0 days 00:29:03,0 days 00:34:23,P.O. Daniel Francavilla 329,See Report,Emergency,"unknown suspect(s) entered vehicle and stole a handicapped parking placard - kiselow_g - 5/20/2025 1:34:08 PM
? - ? - ?
? - ? - ?"
25-041892,Criminal Sexual Contact - 2C:14-3a,Walk-In,"43 Maple Avenue, Hackensack, NJ, 07601",9.0,I1,2025-05-21 14:05:42,2025,May,14:05,Wednesday,2025-05-21 14:50:27,2025-05-21 14:50:35,2025-05-21 16:09:33,0 days 01:18:58,0 days 00:44:53,P.O. Daniel Francavilla 329,See Report,Routine,"Incident occurred on the 13th - kiselow_g - 5/21/2025 2:42:06 PM
Walk in - kiselow_g - 5/21/2025 2:48:44 PM
? - ? - ?"
25-042272,Burglary - Residence - 2C:18-2,Phone,"18 East Camden Street, Hackensack, NJ, 07601",8.0,H1,2025-05-22 21:35:24,2025,May,21:35,Thursday,2025-05-22 21:38:26,2025-05-22 21:40:38,2025-05-22 22:18:49,0 days 00:38:11,0 days 00:05:14,P.O. Steven Lemanowicz 347,See Report,Emergency,"ex-bf entered apartment and stole $30,000 from the safe.  Actor on scene - wouters_f - 5/22/2025 9:37:39 PM
? - ? - ?
? - ? - ?"
25-042950,Burglary - Commercial - 2C:18-2,Phone,"20 Prospect Avenue, Hackensack, NJ, 07601",7.0,G4,2025-05-25 08:51:39,2025,May,08:51,Sunday,2025-05-25 09:35:39,2025-05-25 09:35:39,2025-05-25 10:37:19,0 days 01:01:40,0 days 00:44:00,P.O. Jann Aberde 386,See Report,Emergency,"Burglary occurred earlier today, HUMC never notified HPD  - Ortiz_n - 5/25/2025 8:52:48 AM
? - ? - ?
? - ? - ?"
25-043899,Burglary - Residence - 2C:18-2,Walk-In,"160 River Street, Hackensack, NJ, 07601",7.0,G4,2025-05-28 16:53:40,2025,May,16:53,Wednesday,2025-05-28 16:57:12,2025-05-28 16:57:19,2025-05-28 17:58:35,0 days 01:01:16,0 days 00:03:39,P.O. Kevin Small 328,See Report,Emergency,"Burglary that occurred in the past.  Pai of pants and SS card. - HAN_J - 5/28/2025 4:55:40 PM
? - ? - ?
? - ? - ?"
25-044042,Robbery - 2C:15-1,9-1-1,"Park Street & Passaic Street, Hackensack, NJ, 07601",8.0,H2,2025-05-29 03:57:10,2025,May,03:57,Thursday,2025-05-29 04:00:09,2025-05-29 04:01:27,2025-05-29 05:08:41,0 days 01:07:14,0 days 00:04:17,P.O. Jacob Price 366,See Report,Emergency,"CALLER STATING THAT MALE PARTY PUNCHED THE CALLER IN THE FACE  cc 25-194998 - lemanowicz_s - 5/29/2025 3:59:10 AM
suspect: HISPANIC MALE PARTY - WEARING RED HOODIE, BLACK PANTS - lemanowicz_s - 5/29/2025 3:59:10 AM
CALLER IS WEARING A GREY HOODIE AND BLUE PANTS - IN THE PARKING LOT - lemanowicz_s - 5/29/2025 3:59:10 AM"
25-045625,Motor Vehicle Theft - 2C:20-3,Phone,"1 University Plaza Drive, Hackensack, NJ, 07601",9.0,I3,2025-06-03 06:10:31,2025,June,06:10,Tuesday,2025-06-03 06:11:24,2025-06-03 06:30:05,2025-06-03 08:22:00,0 days 01:51:55,0 days 00:19:34,P.O. Angie Tabares 363,See Report,Routine,"Caller reports his red CRV was broken into. will be standing by.  - farhi_b - 6/3/2025 6:12:29 AM
? - ? - ?
? - ? - ?"
25-045839,Motor Vehicle Theft - 2C:20-3,Phone,"160 Overlook Avenue, Hackensack, NJ, 07601",7.0,G4,2025-06-03 19:30:42,2025,June,19:30,Tuesday,2025-06-03 19:47:41,2025-06-03 19:55:14,2025-06-03 21:00:02,0 days 01:04:48,0 days 00:24:32,P.O. Anthony Mattalian 83,See Report,Routine,"Stolen yamaha R1 meet near rear entrance to garage (comet way) - ortiz_n - 6/3/2025 7:31:47 PM
? - ? - ?
? - ? - ?"
25-045993,Sexual Assault - 2C:14-2b,Other - See Notes,"167 Central Avenue, Hackensack, NJ, 07601",7.0,G3,2025-06-04 08:58:28,2025,June,08:58,Wednesday,2025-06-04 08:58:28,2025-06-04 08:58:28,2025-06-04 08:58:28,0 days 00:00:00,0 days 00:00:00,Det. John Tanucilli 335,See Report,Emergency,"BCPO SVU follow-up - Incident allegedly occurred on 5/31/2025 - never report to HPD only BCPO SVU - tanucilli_j - 6/4/2025 9:00:33 AM
? - ? - ?
? - ? - ?"
25-046075,Sexual Assault - 2C:14-2b,Phone,"6-8 Prospect Avenue, Hackensack, NJ, 07601",Zone2,G2,2025-06-04 14:05:59,2025,June,14:05,Wednesday,2025-06-04 15:32:32,2025-06-04 15:42:34,2025-06-04 17:55:42,0 days 02:13:08,0 days 01:36:35,P.O. Aziah Miller 357,See Report,Emergency,"COmplainant reporting that she was sexually assaulted in a vehicle on june 1st - cavallo_f - 6/4/2025 2:08:54 PM
? - ? - ?
? - ? - ?"
25-046290,Burglary - Auto - 2C:18-2,9-1-1,"39 Union Street, Hackensack, NJ, 07601",7.0,G2,2025-06-05 06:47:22,2025,June,06:47,Thursday,2025-06-05 07:00:54,2025-06-05 07:04:19,2025-06-05 07:32:25,0 days 00:28:06,0 days 00:16:57,P.O. Roselys Salas 369,See Report,Emergency,"3rd party reporting a burg to a veh a blk male in his 20s wearing a blk shirt with a face mask - lemanowicz_s - 6/5/2025 6:53:06 AM
light skinned male with hoodie cc 25-205362 - lemanowicz_s - 6/5/2025 6:53:06 AM
suspect fled in white infiniti with partial plate PG - lemanowicz_s - 6/5/2025 6:53:06 AM"
25-046294,Burglary - Auto - 2C:18-2,9-1-1,"410 Simons Avenue, Hackensack, NJ, 07601",6.0,F2,2025-06-05 06:53:06,2025,June,06:53,Thursday,2025-06-05 06:53:06,2025-06-05 06:53:06,2025-06-05 06:53:06,0 days 00:00:00,0 days 00:00:00,P.O. Angelo Vicale 370,See Report,Emergency,"2 male parties w hoodies entered into a mv and took off wht nissan   east on s summit
 - lemanowicz_s - 6/5/2025 6:59:20 AM
2 blk male dressed in all black / Victim vehicle reg P55UNM - tanis_r - 6/5/2025 7:06:29 AM
25-205365 - lemanowicz_s - 6/5/2025 6:59:20 AM"
25-047026,Burglary - Auto - 2C:18-2,Phone,"414 Hackensack Avenue, Hackensack, NJ, 07601",9.0,I6,2025-06-07 17:14:43,2025,June,17:14,Saturday,2025-06-07 17:18:13,2025-06-07 17:21:33,2025-06-07 18:22:30,0 days 01:00:57,0 days 00:06:50,P.O. Maximiliano Anguizaca 368,See Report,Emergency,"Complainant will be standing by her vehicle in front of the 1000 building.  Unknown suspect(s) - kiselow_g - 6/7/2025 5:16:36 PM
smashed out the windows of her vehicle - kiselow_g - 6/7/2025 5:16:36 PM
? - ? - ?"
25-047203,Burglary - Auto - 2C:18-2,9-1-1,"282 American Legion Drive, Hackensack, NJ, 07601",7.0,G3,2025-06-08 10:11:05,2025,June,10:11,Sunday,2025-06-08 10:16:31,2025-06-08 10:23:09,2025-06-08 10:37:25,0 days 00:14:16,0 days 00:12:04,P.O. Roselys Salas 369,See Report,Emergency,"BURGLARY TO AUTO SMASHED WINDOW AND TOOK A BAG.  FORD ESCAPE  T64KLC NJ REG ON THE  - lemanowicz_s - 6/8/2025 10:11:56 AM
STREET.  VEHICLE LAST SEEN 0130 A.M. INTACT.  cc 25-210025 - lemanowicz_s - 6/8/2025 10:11:56 AM
? - ? - ?"
25-048048,Motor Vehicle Theft - 2C:20-3,Phone,"150 Main Street, Hackensack, NJ, 07601",,,2025-06-11 04:34:09,2025,June,04:34,Wednesday,2025-06-11 04:41:35,2025-06-11 04:41:47,2025-06-11 06:36:37,0 days 01:54:50,0 days 00:07:38,P.O. Massimo Gallorini 379,See Report,Routine,"toyota 4 runner Grey just stolen amazon driver - ortiz_n - 6/11/2025 4:41:04 AM
? - ? - ?
? - ? - ?"
25-048869,Burglary - Auto - 2C:18-2,Phone,"211 Essex Street, Hackensack, NJ, 07601",6.0,F1,2025-06-13 14:52:59,2025,June,14:52,Friday,2025-06-13 14:59:17,2025-06-13 14:59:32,2025-06-13 15:32:55,0 days 00:33:23,0 days 00:06:33,P.O. Angelo Vicale 370,See Report,Emergency,
25-050281,Burglary - Residence - 2C:18-2,Phone,"259 Park Street, Hackensack, NJ, 07601",8.0,H2,2025-06-18 11:09:24,2025,June,11:09,Wednesday,2025-06-18 11:32:34,2025-06-18 11:34:00,2025-06-18 12:29:29,0 days 00:55:29,0 days 00:24:36,P.O. Micah Gibson 365,See Report,Emergency,"Someone entered and stole the family cat - knapp_j - 6/18/2025 11:10:12 AM
? - ? - ?
? - ? - ?"
25-050476,Sexual Assault - 2C:14-2b,Phone,"125 Lawrence Street, Hackensack, NJ, 07601",7.0,G2,2025-06-18 23:42:18,2025,June,23:42,Wednesday,2025-06-18 23:46:48,2025-06-18 23:47:57,2025-06-19 01:01:23,0 days 01:13:26,0 days 00:05:39,P.O. Paula Lopez 362,See Report,Emergency,"Caller states her 7 y/o was sexually assaulted by the father. Will meet officer outside. - competiello_fa - 6/18/2025 11:44:14 PM
TOT Lyndhurst PD - rivera_w - 6/19/2025 1:01:21 AM
? - ? - ?"
25-051165,Motor Vehicle Theft - 2C:20-3,Walk-In,"81 Euclid Avenue, Hackensack, NJ, 07601",9.0,I2,2025-06-21 10:42:26,2025,June,10:42,Saturday,2025-06-21 10:53:52,2025-06-21 10:54:06,2025-06-21 11:15:28,0 days 00:21:22,0 days 00:11:40,P.O. Jacob Price 366,See Report,Routine,"***WALK IN*** - wouters_f - 6/21/2025 10:43:22 AM
? - ? - ?
? - ? - ?"
25-051170,Motor Vehicle Theft - 2C:20-3,9-1-1,"336 Main Street, Hackensack, NJ, 07601",8.0,H1,2025-06-21 11:03:13,2025,June,11:03,Saturday,2025-06-21 11:03:13,2025-06-21 11:03:13,2025-06-21 11:03:13,0 days 00:00:00,0 days 00:00:00,P.O. Angelo Vicale 370,See Report,Routine,"grey toyota highlander just happened.... no direction of flight - antista_ma - 6/21/2025 11:04:19 AM
25-228333 - antista_ma - 6/21/2025 11:04:19 AM
? - ? - ?"
25-051478,Motor Vehicle Theft - 2C:20-3,Phone,"95 Tracy Place, Hackensack, NJ, 07601",7.0,G5,2025-06-22 11:25:43,2025,June,11:25,Sunday,2025-06-22 11:32:08,2025-06-22 11:37:34,2025-06-22 12:29:01,0 days 00:51:27,0 days 00:11:51,P.O. Jacob Price 366,See Report,Routine,
25-053161,Burglary - Residence - 2C:18-2,9-1-1,"77 Prospect Avenue, Hackensack, NJ, 07601",7.0,G4,2025-06-27 14:18:09,2025,June,14:18,Friday,2025-06-27 15:08:26,2025-06-27 15:14:18,2025-06-27 15:55:38,0 days 00:41:20,0 days 00:56:09,P.O. Angie Tabares 363,See Report,Emergency,"caller states his apartment was robbed. wife was home but did not hear - Gervasi_J - 6/27/2025 2:19:03 PM
CC#25-237451 - Gervasi_J - 6/27/2025 2:19:03 PM
? - ? - ?"
25-053984,Burglary - Auto - 2C:18-2,9-1-1,"33 East Broadway, Hackensack, NJ, 07601",5.0,E2,2025-06-30 07:33:04,2025,June,07:33,Monday,2025-06-30 07:36:10,2025-06-30 07:37:48,2025-06-30 08:03:55,0 days 00:26:07,0 days 00:04:44,P.O. Laura Lopez-Amaya 374,See Report,Emergency,"tool(s) stolen from vehicle. - wouters_f - 6/30/2025 7:33:56 AM
25-240989 - wouters_f - 6/30/2025 7:34:06 AM
? - ? - ?"
25-054058,Burglary - Residence - 2C:18-2,Phone,"100 Essex Street, Hackensack, NJ, 07601",7.0,G2,2025-06-30 11:16:33,2025,June,11:16,Monday,2025-06-30 11:19:09,2025-06-30 11:22:50,2025-06-30 11:46:08,0 days 00:23:18,0 days 00:06:17,P.O. Steven Lemanowicz 347,See Report,Emergency,"currently vacant room, see comp on site. - wouters_f - 6/30/2025 11:17:34 AM
? - ? - ?
? - ? - ?"
25-054890,Burglary - Residence - 2C:18-2,Phone,"175 Passaic Street, Hackensack, NJ, 07601",8.0,H3,2025-07-02 19:40:35,2025,July,19:40,Wednesday,2025-07-02 19:42:00,2025-07-02 19:45:10,2025-07-02 20:13:11,0 days 00:28:01,0 days 00:04:35,P.O. Forrod Bonsu 353,See Report,Emergency,"Caller reported that jewelry is missing from her residence  - kiselow_g - 7/2/2025 7:41:35 PM
? - ? - ?
? - ? - ?"
25-055122,Burglary - Commercial - 2C:18-2,Phone,"400  Hackensack Avenue, Hackensack, NJ, 07601",9.0,I6,2025-07-03 10:21:39,2025,July,10:21,Thursday,2025-07-03 10:49:17,2025-07-03 10:59:52,2025-07-03 11:21:12,0 days 00:21:20,0 days 00:38:13,P.O. Jann Aberde 386,See Report,Emergency,"Meet Connie in reference to a burglary of a storage closet. She will meet officer - dominguez_p - 7/3/2025 10:23:16 AM
out front of Cheesecake Factory - dominguez_p - 7/3/2025 10:23:16 AM
? - ? - ?"
25-055295,Sexual Assault - 2C:14-2b,Other - See Notes,"275 Beech Street, Hackensack, NJ, 07601",7.0,G4,2025-07-03 21:34:51,2025,July,21:34,Thursday,2025-07-03 21:34:51,2025-07-03 21:34:51,2025-07-03 21:34:51,0 days 00:00:00,0 days 00:00:00,Det. Cristobal Lara-Nunez 341,See Report,Emergency,"Notified by SVU Det. Huda - laranunez_c - 7/3/2025 10:11:28 PM
? - ? - ?
? - ? - ?"
25-056435,Robbery - 2C:15-1,9-1-1,"65 Court Street, Hackensack, NJ, 07601",5.0,E1,2025-07-07 14:40:14,2025,July,14:40,Monday,2025-07-07 14:44:00,2025-07-07 14:47:19,2025-07-07 18:52:49,0 days 04:05:30,0 days 00:07:05,P.O. Bobby Rivera 361,See Report,Emergency,"caller stating someone pepper sprayed him and took his phone - lyak_r - 7/7/2025 2:41:56 PM
behind pepboys - lyak_r - 7/7/2025 2:41:56 PM
? - ? - ?"
25-056999,Burglary - Residence - 2C:18-2,Walk-In,"240 First Street, Hackensack, NJ, 07601",8.0,H3,2025-07-09 00:29:06,2025,July,00:29,Wednesday,2025-07-09 00:32:07,2025-07-09 00:34:18,2025-07-09 01:11:47,0 days 00:37:29,0 days 00:05:12,P.O. Angelo Vicale 370,See Report,Emergency,"**WALK IN** - wouters_f - 7/9/2025 12:29:34 AM
? - ? - ?
? - ? - ?"
25-057343,Robbery - 2C:15-1,9-1-1,"50 Main Street, Hackensack, NJ, 07601",7.0,G1,2025-07-10 02:32:02,2025,July,02:32,Thursday,2025-07-10 02:33:29,2025-07-10 02:33:45,2025-07-10 04:55:17,0 days 02:21:32,0 days 00:01:43,P.O. Alexander Reyes 355,See Report,Emergency,"uber driver stating male passenger was assaulted.  --silver honda civic - wouters_f - 7/10/2025 2:33:18 AM
25-255340 - wouters_f - 7/10/2025 2:33:18 AM
? - ? - ?"
25-058041,Burglary - Commercial - 2C:18-2,Phone,"4 Camden Street, Hackensack, NJ, 07601",8.0,H2,2025-07-12 07:00:06,2025,July,07:00,Saturday,2025-07-12 07:03:50,2025-07-12 07:03:52,2025-07-12 08:21:13,0 days 01:17:21,0 days 00:03:46,P.O. Paula Lopez 362,See Report,Emergency,"caller reporting the windows to a store is broken does not see anyone inside - ortiz_n - 7/12/2025 7:01:11 AM
BCC 25-258342 - ortiz_n - 7/12/2025 7:01:32 AM
? - ? - ?"
25-058331,Sexual Assault - 2C:14-2b,Phone,"215 Charles Street, Hackensack, NJ, 07601",6.0,F1,2025-07-13 02:47:47,2025,July,02:47,Sunday,2025-07-13 02:50:34,2025-07-13 02:54:44,2025-07-13 04:12:38,0 days 01:17:54,0 days 00:06:57,P.O. Juda DeOliveira 376,See Report,Emergency,"Caller reports that her boyfriend assulted her in a car and she was able get out of the car. Female  - cavallo_f - 7/13/2025 2:49:52 AM
is wearing grey pants and a white shirt and white sneakers - cavallo_f - 7/13/2025 2:49:52 AM
Boyfriend may still be in the area in a vehicle. - cavallo_f - 7/13/2025 2:50:11 AM"
25-058451,Burglary - Residence - 2C:18-2,9-1-1,"210 Main Street, Hackensack, NJ, 07601",8.0,H1,2025-07-13 13:18:19,2025,July,13:18,Sunday,2025-07-13 13:43:22,2025-07-13 13:51:58,2025-07-13 14:58:53,0 days 01:06:55,0 days 00:33:39,P.O. Nart Marza 321,See Report,Emergency,"CCAD# 25-259896  storage unit was broken into - sosa_c - 7/13/2025 1:19:16 PM
? - ? - ?
? - ? - ?"
25-058726,Robbery - 2C:15-1,Walk-In,"80 South River Street, Hackensack, NJ, 07601",5.0,E1,2025-07-14 13:09:00,2025,July,13:09,Monday,2025-07-14 13:19:31,2025-07-14 13:19:34,2025-07-14 13:55:21,0 days 00:35:47,0 days 00:10:34,P.O. Christopher Cole 385,See Report,Emergency,"Walk in reporting he was robbed at Costco last Thursday - knapp_j - 7/14/2025 1:16:23 PM
? - ? - ?
? - ? - ?"
25-059260,Burglary - Auto - 2C:18-2,Phone,"18 Lodi Street, Hackensack, NJ, 07601",5.0,E2,2025-07-16 04:59:48,2025,July,04:59,Wednesday,2025-07-16 05:00:59,2025-07-16 05:17:07,2025-07-16 05:33:07,0 days 00:16:00,0 days 00:17:19,P.O. Laura Lopez-Amaya 374,See Report,Emergency,"missing money from his white car parked near address - wouters_f - 7/16/2025 5:01:31 AM
? - ? - ?
? - ? - ?"
25-060006,Sexual Assault - 2C:14-2b,9-1-1,"30 Prospect Avenue, Hackensack, NJ, 07601",7.0,G4,2025-07-18 05:46:58,2025,July,05:46,Friday,2025-07-18 05:49:47,2025-07-18 05:49:50,2025-07-18 13:48:51,0 days 07:59:01,0 days 00:02:52,P.O. Jems Peralta 384,See Report,Emergency,"48 YOF STATING SHE WAS RAPED-SEXUALLY ASSAULTED BLEEDING FORM THE ANAL AREA - kiselow_g - 7/18/2025 5:49:01 AM
AS PER THE CALLER THE MALE PARTY IS AT THE HOUSE  .  Located in the lobby - kiselow_g - 7/18/2025 5:49:01 AM
Bergen County CAD # 25-267094 - kiselow_g - 7/18/2025 5:49:01 AM"
25-060143,Robbery - 2C:15-1,Walk-In,"65 Court Street, Hackensack, NJ, 07601",5.0,E1,2025-07-18 15:51:45,2025,July,15:51,Friday,2025-07-18 15:54:39,2025-07-18 16:12:56,2025-07-18 17:04:53,0 days 00:51:57,0 days 00:21:11,SPO. Aster Abueg 817,See Report,Emergency,
25-060392,Burglary - Auto - 2C:18-2,9-1-1,"307 Maple Hill Drive, Hackensack, NJ, 07601",8.0,H5,2025-07-19 14:30:03,2025,July,14:30,Saturday,2025-07-19 14:32:07,2025-07-19 14:38:57,2025-07-19 15:25:50,0 days 00:46:53,0 days 00:08:54,P.O. Christopher Cole 385,See Report,Emergency,"CCAD# 25-269088  3 vehicles broken into - Sosa_C - 7/19/2025 2:31:03 PM
? - ? - ?
? - ? - ?"
25-060401,Burglary - Auto - 2C:18-2,Radio,"307 Maple Hill Drive, Hackensack, NJ, 07601",8.0,H5,2025-07-19 14:59:35,2025,July,14:59,Saturday,2025-07-19 14:59:35,2025-07-19 14:59:35,2025-07-19 14:59:35,0 days 00:00:00,0 days 00:00:00,P.O. Christopher Cole 385,See Report,Emergency,
25-060402,Burglary - Auto - 2C:18-2,Radio,"307 Maple Hill Drive, Hackensack, NJ, 07601",,,2025-07-19 15:01:51,2025,July,15:01,Saturday,2025-07-19 15:01:51,2025-07-19 15:01:51,2025-07-19 15:01:51,0 days 00:00:00,0 days 00:00:00,P.O. Christopher Cole 385,See Report,Emergency,
25-061119,Motor Vehicle Theft - 2C:20-3,9-1-1,"33 Oak Street, Hackensack, NJ, 07601",9.0,I4,2025-07-21 18:35:31,2025,July,18:35,Monday,2025-07-21 18:49:16,2025-07-21 19:00:10,2025-07-21 22:54:14,0 days 03:54:04,0 days 00:24:39,P.O. Juda DeOliveira 376,See Report,Routine,"caller stated his veh was stolen from his garage - last seen this morning -- just got home 5 min ago  - scott_l - 7/21/2025 6:37:42 PM
garage was broken into and veh stolen - green lamboughini - scott_l - 7/21/2025 6:37:42 PM
ccad# 25-272177 - scott_l - 7/21/2025 6:37:59 PM"
25-061760,Burglary - Auto - 2C:18-2,Walk-In,"469 Passaic Street, Hackensack, NJ, 07601",8.0,H5,2025-07-23 12:07:08,2025,July,12:07,Wednesday,2025-07-23 12:54:44,2025-07-23 12:54:54,2025-07-23 12:55:15,0 days 00:00:21,0 days 00:47:46,P.O. Kevin Small 328,See Report,Emergency,"Walk in - kiselow_g - 7/23/2025 12:09:57 PM
? - ? - ?
? - ? - ?"
25-062452,Burglary - Commercial - 2C:18-2,Phone,"90 Hackensack Avenue, Hackensack, NJ, 07601",9.0,I1,2025-07-25 11:03:20,2025,July,11:03,Friday,2025-07-25 11:06:36,2025-07-25 11:12:35,2025-07-25 11:50:48,0 days 00:38:13,0 days 00:09:15,P.O. Nicholas Mazzaccaro 377,See Report,Emergency,"Unknown suspects entered the rear of the business.  Detectives were notified - kiselow_g - 7/25/2025 11:05:36 AM
? - ? - ?
? - ? - ?"
25-062738,Burglary - Auto - 2C:18-2,Phone,"81 Euclid Avenue, Hackensack, NJ, 07601",9.0,I2,2025-07-26 05:57:20,2025,July,05:57,Saturday,2025-07-26 06:03:56,2025-07-26 06:18:48,2025-07-26 06:43:28,0 days 00:24:40,0 days 00:21:28,P.O. Nicholas Mazzaccaro 377,See Report,Emergency,
25-063212,Motor Vehicle Theft - 2C:20-3,Walk-In,"Hudson Street & Liberty Street, Hackensack, NJ, 07601",,,2025-07-27 18:13:17,2025,July,18:13,Sunday,2025-07-27 18:13:17,2025-07-27 18:13:17,2025-07-27 18:13:17,0 days 00:00:00,0 days 00:00:00,P.O. Ruben Almonte 359,See Report,Routine,
25-063524,Burglary - Auto - 2C:18-2,Walk-In,"75 Atlantic Street, Hackensack, NJ, 07601",7.0,G2,2025-07-28 16:40:09,2025,July,16:40,Monday,2025-07-28 16:41:18,2025-07-28 16:56:22,2025-07-28 17:51:10,0 days 00:54:48,0 days 00:16:13,P.O. Massimo Gallorini 379,See Report,Emergency,"unknown burgled trucks overnight  - ortiz_n - 7/28/2025 4:40:42 PM
? - ? - ?
? - ? - ?"
