Case_Number,Incident_Date,Incident_Time,Time_Of_Day,Period,Season,Day_Of_Week,Day_Type,Location,Block,Grid,Post,All_Incidents,Incident_Type,Crime_Category,Vehicle_1,Vehicle_2,Vehicle_1_And_Vehicle_2,Total_Value_Stolen,Total_Value_Recovered,Squad,Officer_Of_Record,NIBRS_Classification
25-000813,2025-01-03,21:30:00,20:00–23:59 Night,YTD,Winter,Friday,Weekday,"309 Lookout Avenue, Hackensack, NJ, 07601","Lookout Avenue, 300 Block",I2,9.0,Motor Vehicle Theft - 2C:20-3,Motor Vehicle Theft - 2C:20-3,Motor Vehicle Theft - 2C:20-3,"NJ - W46uly, Honda/ACC",,,,,B4,P.O. Nicholas Mazzaccaro 377,240 = Theft of Motor Vehicle
25-002564,2025-01-07,14:00:00,12:00–15:59 Afternoon,YTD,Winter,Tuesday,Weekday,"135 First Street, Hackensack, NJ, 07601","First Street, 100 Block",G3,7.0,"Criminal Sexual Contact - 2C:14-3a, Juvenile Investigation",Criminal Sexual Contact - 2C:14-3a,Criminal Sexual Contact - 2C:14-3a,,,,,,STA,Det. Cristobal Lara-Nunez 341,11D = Fondling
25-002635,2025-01-06,15:30:00,12:00–15:59 Afternoon,YTD,Winter,Monday,Weekday,"90 Prospect Avenue, Hackensack, NJ, 07601","Prospect Avenue, 0 Block",,7.0,Burglary - Auto - 2C:18-2,Burglary - Auto - 2C:18-2,Burglary - Auto - 2C:18-2,"NJ - XCSW43, Honda/PIL",,,,,A3,P.O. Ruben Almonte 359,23F = Theft From Motor Vehicle
25-003362,2025-01-13,12:05:00,12:00–15:59 Afternoon,YTD,Winter,Monday,Weekday,"204 Clay Street, Hackensack, NJ, 07601","Clay Street, 200 Block",H3,8.0,"Dispute, Criminal Attempt - 2C:5-1, Robbery - 2C:15-1",Dispute,Dispute,,,,,,B1,P.O. Forrod Bonsu 353,120 = Robbery
25-003813,2025-01-14,15:22:34,12:00–15:59 Afternoon,YTD,Winter,Tuesday,Weekday,"450 Hackensack Avenue, Hackensack, NJ, 07601","Hackensack Avenue, 400 Block",I6,9.0,"Robbery - 2C:15-1, Resisting Arrest/Eluding - 2C:29-2, Suspicious Person",Robbery - 2C:15-1,Robbery - 2C:15-1,"NJ - y82vds, Volks/ATL",,,,,b2,P.O. Nicholas Mazzaccaro 377,120 = Robbery
25-004097,2025-01-15,12:57:26,12:00–15:59 Afternoon,YTD,Winter,Wednesday,Weekday,"244 First Street, Hackensack, NJ, 07601","First Street, 200 Block",H3,8.0,Motor Vehicle Theft - 2C:20-3,Motor Vehicle Theft - 2C:20-3,Motor Vehicle Theft - 2C:20-3,"NJ - U38ULG, Honda/CIV",,,,,b1,P.O. Frank Lorenzo 371,240 = Theft of Motor Vehicle
25-004478,2025-01-16,12:00:00,12:00–15:59 Afternoon,YTD,Winter,Thursday,Weekday,"30 Second Street, Hackensack, NJ, 07601","Second Street, 0 Block",G3,7.0,Burglary - Residence - 2C:18-2,Burglary - Residence - 2C:18-2,Burglary - Residence - 2C:18-2,,,,,,A3,P.O. Aziah Miller 357,220 = Burglary/Breaking & Entering
25-004629,2025-01-16,21:03:00,20:00–23:59 Night,YTD,Winter,Thursday,Weekday,"630 Main Street, Hackensack, NJ, 07601","Main Street, 600 Block",I1,9.0,Robbery - 2C:15-1,Robbery - 2C:15-1,Robbery - 2C:15-1,Hyundai/Sonata,,,,,A2,P.O. Massimo Gallorini 379,120 = Robbery
25-005871,2025-01-21,19:00:00,16:00–19:59 Evening Peak,YTD,Winter,Tuesday,Weekday,"33 Ross Avenue, Hackensack, NJ, 07601","Ross Avenue, 0 Block",I1,9.0,Motor Vehicle Theft - 2C:20-3,Motor Vehicle Theft - 2C:20-3,Motor Vehicle Theft - 2C:20-3,"NJ - U22RSV, HONDA/PAS",,,,,B4,P.O. Roselys Salas 369,240 = Theft of Motor Vehicle
25-006083,2025-01-22,08:00:00,08:00–11:59 Morning Peak,YTD,Winter,Wednesday,Weekday,"443 Hudson Street, Hackensack, NJ, 07601","Hudson Street, 400 Block",E3,5.0,Motor Vehicle Theft - 2C:20-3,Motor Vehicle Theft - 2C:20-3,Motor Vehicle Theft - 2C:20-3,"NJ - Y62SRJ, Nissan/PTH",,,,,B4,P.O. Roselys Salas 369,240 = Theft of Motor Vehicle
25-006324,2025-01-23,15:00:00,12:00–15:59 Afternoon,YTD,Winter,Thursday,Weekday,"176  Berdan Place, Hackensack, NJ, 07601","Berdan Place, 100 Block",H3,8.0,"Sexual Assault - 2C:14-2b, Juvenile Investigation",Sexual Assault - 2C:14-2b,Sexual Assault - 2C:14-2b,,,,,,DET,Det. Frankie Garrett 323,
25-006864,2025-01-25,11:00:00,08:00–11:59 Morning Peak,YTD,Winter,Saturday,Weekend,"60 Kansas Street, Hackensack, NJ, 07601","Kansas Street, 0 Block",E1,5.0,Burglary - Residence - 2C:18-2,Burglary - Residence - 2C:18-2,Burglary - Residence - 2C:18-2,,,,,,A2,P.O. Andres Lopez 375,220 = Burglary/Breaking & Entering
25-007074,2025-01-25,18:27:00,16:00–19:59 Evening Peak,YTD,Winter,Saturday,Weekend,"206 Stanley Place, Hackensack, NJ, 07601","Stanley Place, 200 Block",H3,8.0,"Burglary - Auto - 2C:18-2, Theft - 2C:20-3",Burglary - Auto - 2C:18-2,Burglary - Auto - 2C:18-2,"NJ - r36gbb, Honda/CRV",,,,,A2,P.O. Massimo Gallorini 379,23F = Theft From Motor Vehicle
25-007197,2025-01-26,20:10:00,20:00–23:59 Night,YTD,Winter,Sunday,Weekend,"5 Pangborn Place, Hackensack, NJ, 07601","Pangborn Place, 0 Block",H2,9.0,"Burglary - Auto - 2C:18-2, Theft - 2C:20-3",Burglary - Auto - 2C:18-2,Burglary - Auto - 2C:18-2,"nj - r97ryw, Honda/ODY",,,,,A3,P.O. Micah Gibson 365,23F = Theft From Motor Vehicle
25-008075,2025-01-28,15:00:00,12:00–15:59 Afternoon,YTD,Winter,Tuesday,Weekday,"119 Essex Street, Hackensack, NJ, 07601","Essex Street, 100 Block",F1,6.0,"Motor Vehicle Theft - 2C:20-3, Theft - 2C:20-3",Motor Vehicle Theft - 2C:20-3,Motor Vehicle Theft - 2C:20-3,"NJ - k84cxu, Lexus/ES",,,,,B4,P.O. Roselys Salas 369,240 = Theft of Motor Vehicle
25-008551,2025-01-31,11:59:50,08:00–11:59 Morning Peak,YTD,Winter,Friday,Weekday,"292 The Esplanade, Hackensack, NJ, 07601","The Esplanade, 200 Block",H5,8.0,Burglary - Residence - 2C:18-2,Burglary - Residence - 2C:18-2,Burglary - Residence - 2C:18-2,,,,,,B2,P.O. Denisse Caero 367,220 = Burglary/Breaking & Entering
25-008777,2025-02-01,01:00:00,00:00–03:59 Early Morning,YTD,Winter,Saturday,Weekend,"453 Sutton Avenue, Hackensack, NJ, 07601","Sutton Avenue, 400 Block",F2,6.0,Motor Vehicle Theft - 2C:20-3,Motor Vehicle Theft - 2C:20-3,Motor Vehicle Theft - 2C:20-3,"NJ - p77uzj, Ford/CRO",,,,,B4,P.O. Roselys Salas 369,240 = Theft of Motor Vehicle
25-009348,2025-02-02,17:25:00,16:00–19:59 Evening Peak,YTD,Winter,Sunday,Weekend,"144 Hudson Street, Hackensack, NJ, 07601","Hudson Street, 100 Block",E1,5.0,"Suspicious Incident, Robbery - 2C:15-1",Suspicious Incident,Suspicious Incident,,,,,,A3,P.O. Micah Gibson 365,
25-009438,2025-02-03,16:40:35,16:00–19:59 Evening Peak,YTD,Winter,Monday,Weekday,"400 Hackensack Avenue, Hackensack, NJ, 07601","Hackensack Avenue, 400 Block",I6,9.0,Robbery - 2C:15-1,Robbery - 2C:15-1,Robbery - 2C:15-1,,,,,,A3,P.O. Aziah Miller 357,120 = Robbery
25-009657,2025-02-03,18:30:00,16:00–19:59 Evening Peak,YTD,Winter,Monday,Weekday,"55 Midtown Bridge Approach, Hackensack, NJ, 07601","Midtown Bridge Approach, 0 Block",H1,8.0,Motor Vehicle Theft - 2C:20-3,Motor Vehicle Theft - 2C:20-3,Motor Vehicle Theft - 2C:20-3,"AZ - am82732, RAM/Promaster",,,,,A3,P.O. Micah Gibson 365,240 = Theft of Motor Vehicle
25-009831,2025-02-05,02:57:00,00:00–03:59 Early Morning,YTD,Winter,Wednesday,Weekday,"441 Passaic Street, Hackensack, NJ, 07601","Passaic Street, 400 Block",H5,8.0,"Burglary - Commercial - 2C:18-2, Alarm - Burglar",Burglary - Commercial - 2C:18-2,Burglary - Commercial - 2C:18-2,,,,,,A2,P.O. Benjamin Estrada 350,220 = Burglary/Breaking & Entering
25-010474,2025-02-07,06:35:00,04:00–07:59 Morning,YTD,Winter,Friday,Weekday,"170 Hudson Street, Hackensack, NJ, 07601","Hudson Street, 100 Block",E2,5.0,Motor Vehicle Theft - 2C:20-3,Motor Vehicle Theft - 2C:20-3,Motor Vehicle Theft - 2C:20-3,"NJ - T12sse, Dodge/CAR",,,,,B3,P.O. Matthew Tedesco 316,240 = Theft of Motor Vehicle
25-010788,2025-01-31,12:00:00,12:00–15:59 Afternoon,YTD,Winter,Friday,Weekday,"535 Hudson Street, Hackensack, NJ, 07601","Hudson Street, 500 Block",E3,5.0,Motor Vehicle Theft - 2C:20-3,Motor Vehicle Theft - 2C:20-3,Motor Vehicle Theft - 2C:20-3,nj - s70mpz,,,,,B4,P.O. Daniel Francavilla 329,240 = Theft of Motor Vehicle
25-012110,2025-02-13,02:00:00,00:00–03:59 Early Morning,YTD,Winter,Thursday,Weekday,"128 Christopher Columbus Drive, Jersey City, NJ 07302, Hackensack, NJ, 07601","Christopher Columbus Drive, 100 Block",I5,9.0,"Assist Other Agency, Aggravated Assault - 2C:12-1b, Robbery - 2C:15-1",Assist Other Agency,Assist Other Agency,,,,,,B3,P.O. Angelo Vicale 370,
25-012325,2025-02-13,16:00:00,16:00–19:59 Evening Peak,YTD,Winter,Thursday,Weekday,"East Pleasantview Avenue & Kipp Street, Hackensack, NJ, 07601","East Pleasantview Avenue & Kipp Street, Hackensack",F3,6.0,Burglary - Auto - 2C:18-2,Burglary - Auto - 2C:18-2,Burglary - Auto - 2C:18-2,"NJ - XGDR55, Ford/R1Z",,,,,B3,P.O. Angelo Vicale 370,23F = Theft From Motor Vehicle
25-013091,2025-02-17,08:22:14,08:00–11:59 Morning Peak,YTD,Winter,Monday,Weekday,"100 Second Street, Hackensack, NJ, 07601","Second Street, 100 Block",G3,7.0,"Motor Vehicle Theft - 2C:20-3, Recovered Stolen Vehicle",Motor Vehicle Theft - 2C:20-3,Motor Vehicle Theft - 2C:20-3,"NJ - l17pum, Honda/ACC",,,,,A3,P.O. Ruben Almonte 359,240 = Theft of Motor Vehicle
25-013106,2025-02-17,09:31:55,08:00–11:59 Morning Peak,YTD,Winter,Monday,Weekday,"30 Prospect Avenue, Hackensack, NJ, 07601","Prospect Avenue, 0 Block",G4,7.0,Motor Vehicle Theft - 2C:20-3,Motor Vehicle Theft - 2C:20-3,Motor Vehicle Theft - 2C:20-3,"nj - z53rvg, Honda/ACC",,,,,A3,P.O. Anzour Marza 356,240 = Theft of Motor Vehicle
25-013147,2025-02-17,12:35:58,12:00–15:59 Afternoon,YTD,Winter,Monday,Weekday,"35 Pangborn Place, Hackensack, NJ, 07601","Pangborn Place, 0 Block",I1,9.0,"Burglary - Commercial - 2C:18-2, Suspicious Incident",Burglary - Commercial - 2C:18-2,Burglary - Commercial - 2C:18-2,,,,,,A3,P.O. Ruben Almonte 359,220 = Burglary/Breaking & Entering
25-013527,2025-02-17,20:00:00,20:00–23:59 Night,YTD,Winter,Monday,Weekday,"240  Prospect Avenue, Hackensack, NJ, 07601","Prospect Avenue, 200 Block",H4,8.0,"Exceptionally Cleared/Closed, Sexual Assault - 2C:14-2b",Exceptionally Cleared/Closed,Exceptionally Cleared/Closed,,,,,,DET,Det. Matthew Dogali 338,
25-014007,2017-06-20,12:52:04,12:00–15:59 Afternoon,YTD,Summer,Tuesday,Weekday,"360 Union Street, Hackensack, NJ, 07601","Union Street, 300 Block",H2,8.0,Sexual Assault - 2C:14-2b,Sexual Assault - 2C:14-2b,Sexual Assault - 2C:14-2b,,,,,,A3,P.O. Angie Tabares 363,36A = Incest
25-015290,2025-02-25,10:00:00,08:00–11:59 Morning Peak,YTD,Winter,Tuesday,Weekday,"430 Washington Avenue, Hackensack, NJ, 07601","Washington Avenue, 400 Block",E3,5.0,Motor Vehicle Theft - 2C:20-3,Motor Vehicle Theft - 2C:20-3,Motor Vehicle Theft - 2C:20-3,"MD - 8FL4661, Honda/PILOT",,,,,B2,P.O. Denisse Caero 367,240 = Theft of Motor Vehicle
25-017488,2025-03-04,15:23:00,12:00–15:59 Afternoon,YTD,Spring,Tuesday,Weekday,"195 High Street, Hackensack, NJ, 07601","High Street, 100 Block",H3,8.0,"Robbery - 2C:15-1, Unlawful Possess./Weapons - 2C:39-5, Dispute",Robbery - 2C:15-1,Robbery - 2C:15-1,"NJ - D78PNR, BMW/430",,,,,B2,P.O. Bobby Rivera 361,120 = Robbery
25-017536,2025-03-04,18:59:25,16:00–19:59 Evening Peak,YTD,Spring,Tuesday,Weekday,"216 Essex Street, Hackensack, NJ, 07601","Essex Street, 200 Block",F1,6.0,Robbery - 2C:15-1,Robbery - 2C:15-1,Robbery - 2C:15-1,,,,,,B4,P.O. Steven Lemanowicz 347,120 = Robbery
25-018160,2025-03-06,22:35:45,20:00–23:59 Night,YTD,Spring,Thursday,Weekday,"216 Central Avenue, Hackensack, NJ, 07601","Central Avenue, 200 Block",H3,8.0,Burglary - Auto - 2C:18-2,Burglary - Auto - 2C:18-2,Burglary - Auto - 2C:18-2,"NJ - R64NVW, Ford/EXP",,,,,A3,P.O. Ruben Almonte 359,23F = Theft From Motor Vehicle
25-019245,2025-03-09,19:30:00,16:00–19:59 Evening Peak,YTD,Spring,Sunday,Weekend,"282 American Legion Drive, Hackensack, NJ, 07601","American Legion Drive, 200 Block",G3,7.0,Burglary - Auto - 2C:18-2,Burglary - Auto - 2C:18-2,Burglary - Auto - 2C:18-2,"NJ - K46PXJ, HYN/TIB",,,,,B1,P.O. Peter Voorhis 380,23F = Theft From Motor Vehicle
25-019648,2025-03-10,01:07:00,00:00–03:59 Early Morning,YTD,Spring,Monday,Weekday,"1 Park Avenue, Hackensack, NJ, 07601","Park Avenue, 0 Block",H1,8.0,Burglary - Residence - 2C:18-2,Burglary - Residence - 2C:18-2,Burglary - Residence - 2C:18-2,,,,,,B2,P.O. Nicholas Mazzaccaro 377,220 = Burglary/Breaking & Entering
25-019756,2025-03-11,14:30:00,12:00–15:59 Afternoon,YTD,Spring,Tuesday,Weekday,"123 Anderson Street, Hackensack, NJ, 07601","Anderson Street, 100 Block",H3,8.0,Burglary - Auto - 2C:18-2,Burglary - Auto - 2C:18-2,Burglary - Auto - 2C:18-2,"NJ - K87VEF, Subaru/TRI",,,,,B2,P.O. Denisse Caero 367,23F = Theft From Motor Vehicle
25-021703,2025-03-18,05:30:00,04:00–07:59 Morning,YTD,Spring,Tuesday,Weekday,"414 Hackensack Avenue, Hackensack, NJ, 07601","Hackensack Avenue, 400 Block",I6,9.0,"Assist Other Agency, Burglary - Residence - 2C:18-2",Assist Other Agency,Assist Other Agency,"NJ - y52rxa, KIA/TEL",,,,,HACSOC,Lt. John Knapp 141,
25-022902,2025-03-21,07:48:00,04:00–07:59 Morning,YTD,Spring,Friday,Weekday,"171 Kenneth Street, Hackensack, NJ, 07601","Kenneth Street, 100 Block",F1,6.0,Motor Vehicle Theft - 2C:20-3,Motor Vehicle Theft - 2C:20-3,Motor Vehicle Theft - 2C:20-3,"NJ - JWG42F, Chevrolet",,,,,A2,P.O. Andres Lopez 375,240 = Theft of Motor Vehicle
25-023424,2025-03-23,04:10:00,04:00–07:59 Morning,YTD,Spring,Sunday,Weekend,"24 Pulaski Place, Hackensack, NJ, 07601","Pulaski Place, 0 Block",E3,5.0,"Burglary - Auto - 2C:18-2, Criminal Mischief - Vehicle - 2C:17-3",Burglary - Auto - 2C:18-2,Burglary - Auto - 2C:18-2,"NJ - m88kxu, Ford/ECO",,,,,A3,P.O. Micah Gibson 365,23F = Theft From Motor Vehicle
25-024100,2025-03-25,11:37:00,08:00–11:59 Morning Peak,YTD,Spring,Tuesday,Weekday,"450 Hackensack Avenue, Hackensack, NJ, 07601","Hackensack Avenue, 400 Block",I6,9.0,"Robbery - 2C:15-1, Theft - 2C:20-3, Medical Call",Robbery - 2C:15-1,Robbery - 2C:15-1,"NJ - C73VBN, Subaru/IMP",,,,,B1,P.O. Christian Alvarez 364,120 = Robbery
25-024952,2025-03-27,22:43:12,20:00–23:59 Night,YTD,Spring,Thursday,Weekday,"211 Essex Street, Hackensack, NJ, 07601","Essex Street, 200 Block",F1,6.0,"Burglary - Commercial - 2C:18-2, Hindering Apprehension - 2C:29-3, Resisting Arrest/Eluding - 2C:29-2",Burglary - Commercial - 2C:18-2,Burglary - Commercial - 2C:18-2,,,,,,B3,P.O. Laura Lopez-Amaya 374,220 = Burglary/Breaking & Entering
25-025078,2025-03-27,23:30:00,20:00–23:59 Night,YTD,Spring,Thursday,Weekday,"2 Park Avenue, Hackensack, NJ, 07601","Park Avenue, 0 Block",H1,8.0,Burglary - Residence - 2C:18-2,Burglary - Residence - 2C:18-2,Burglary - Residence - 2C:18-2,,,,50300.0,,B1,P.O. Peter Voorhis 380,220 = Burglary/Breaking & Entering
25-025304,2025-03-29,04:55:25,04:00–07:59 Morning,YTD,Spring,Saturday,Weekend,"15 Parkway, Hackensack, NJ, 07601","Parkway, 0 Block",F2,6.0,"Suspicious Incident, Attempted Burglary - 2C:18-2",Suspicious Incident,Suspicious Incident,"NJ - Z85SBR, Acura/TLX",,,,,B3,P.O. Laura Lopez-Amaya 374,
25-025341,2025-03-28,20:30:00,20:00–23:59 Night,YTD,Spring,Friday,Weekday,"296 Berry Street, Hackensack, NJ, 07601","Berry Street, 200 Block",H4,8.0,Motor Vehicle Theft - 2C:20-3,Motor Vehicle Theft - 2C:20-3,Motor Vehicle Theft - 2C:20-3,"NJ - T41VHN, Acura/TLX",,,,,A1,P.O. Wanda Rivera 161,240 = Theft of Motor Vehicle
25-025926,2025-03-31,12:00:00,12:00–15:59 Afternoon,YTD,Spring,Monday,Weekday,"100 Essex Street, Hackensack, NJ, 07601","Essex Street, 100 Block",G2,7.0,Burglary - Residence - 2C:18-2,Burglary - Residence - 2C:18-2,Burglary - Residence - 2C:18-2,,,,,,A2,P.O. Anthony Mattalian 83,220 = Burglary/Breaking & Entering
25-026077,2025-03-31,18:40:00,16:00–19:59 Evening Peak,YTD,Spring,Monday,Weekday,"Second Street & American Legion Drive, Hackensack, NJ, 07601","Second Street & American Legion Drive, Hackensack,",G3,7.0,"Burglary - Auto - 2C:18-2, Theft - 2C:20-3, Criminal Mischief - 2C:17-3",Burglary - Auto - 2C:18-2,Burglary - Auto - 2C:18-2,"NJ - J72JJJ, Toyota/SIENNA",,,,,A2,P.O. Jeffrey Rodriguez 342,290 = Destruction/Damage/Vandalism of Property
25-026113,2025-03-31,18:00:00,16:00–19:59 Evening Peak,YTD,Spring,Monday,Weekday,"310 Lookout Avenue, Hackensack, NJ, 07601","Lookout Avenue, 300 Block",I2,,Burglary - Auto - 2C:18-2,Burglary - Auto - 2C:18-2,Burglary - Auto - 2C:18-2,"nj - imkr57, Nissan/Rogue",,,2.0,0.0,A4,P.O. Matthew Antista 135,290 = Destruction/Damage/Vandalism of Property
25-026103,2025-03-31,20:00:00,20:00–23:59 Night,YTD,Spring,Monday,Weekday,"310 Lookout Avenue, Hackensack, NJ, 07601","Lookout Avenue, 300 Block",I2,9.0,Burglary - Auto - 2C:18-2,Burglary - Auto - 2C:18-2,Burglary - Auto - 2C:18-2,"NJ - utu50w, Nissan/RGE",,,5.0,0.0,A4,P.O. Matthew Antista 135,290 = Destruction/Damage/Vandalism of Property
25-026357,2025-04-01,20:28:40,20:00–23:59 Night,YTD,Spring,Tuesday,Weekday,"77 Prospect Avenue, Hackensack, NJ, 07601","Prospect Avenue, 0 Block",G4,7.0,Burglary - Auto - 2C:18-2,Burglary - Auto - 2C:18-2,Burglary - Auto - 2C:18-2,"NJ - U57SNU, Mazda/C30",,,,,A3,P.O. Anzour Marza 356,23F = Theft From Motor Vehicle
25-026716,2025-04-02,21:35:00,20:00–23:59 Night,YTD,Spring,Wednesday,Weekday,"260 Union Street, Hackensack, NJ, 07601","Union Street, 200 Block",H2,8.0,"Mental Health Incident, Sexual Assault - 2C:14-2b, Juvenile Investigation",Mental Health Incident,Mental Health Incident,,,,,,B1,P.O. Christian Alvarez 364,
25-027338,2025-04-01,12:00:00,12:00–15:59 Afternoon,YTD,Spring,Tuesday,Weekday,"75 Fair Street, Hackensack, NJ, 07601","Fair Street, 0 Block",E1,5.0,Burglary - Residence - 2C:18-2,Burglary - Residence - 2C:18-2,Burglary - Residence - 2C:18-2,,,,,,B4,P.O. Alexander Reyes 355,220 = Burglary/Breaking & Entering
25-028451,2025-04-08,00:47:00,00:00–03:59 Early Morning,YTD,Spring,Tuesday,Weekday,"120 Atlantic Street, Hackensack, NJ, 07601","Atlantic Street, 100 Block",G2,7.0,"Burglary - Auto - 2C:18-2, Suspicious Person, Property - Found",Burglary - Auto - 2C:18-2,Burglary - Auto - 2C:18-2,"NJ - t21vbk, BMW/530",,,,,A2,P.O. Massimo Gallorini 379,23F = Theft From Motor Vehicle
25-029155,2025-04-09,23:10:00,20:00–23:59 Night,YTD,Spring,Wednesday,Weekday,"283 Summit Avenue, Hackensack, NJ, 07601","Summit Avenue, 200 Block",H5,8.0,Burglary - Auto - 2C:18-2,Burglary - Auto - 2C:18-2,Burglary - Auto - 2C:18-2,"NJ - Z73VFP, Chevrolet/SUB",,,,,B4,P.O. Roselys Salas 369,23F = Theft From Motor Vehicle
25-029829,2025-04-08,12:00:00,12:00–15:59 Afternoon,YTD,Spring,Tuesday,Weekday,"140 Hudson Street, Hackensack, NJ, 07601","Hudson Street, 100 Block",E1,5.0,Burglary - Residence - 2C:18-2,Burglary - Residence - 2C:18-2,Burglary - Residence - 2C:18-2,,,,,,B3,P.O. Laura Lopez-Amaya 374,220 = Burglary/Breaking & Entering
25-030198,2025-04-13,16:30:00,16:00–19:59 Evening Peak,YTD,Spring,Sunday,Weekend,"157 Central Avenue, Hackensack, NJ, 07601","Central Avenue, 100 Block",G3,7.0,"Burglary - Auto - 2C:18-2, Weapons - Unlawful Purposes - 2C:39-4",Burglary - Auto - 2C:18-2,Burglary - Auto - 2C:18-2,"NJ - n51uxw, Honda/ACC","NJ - d48utt, Ford/XPL","NJ - n51uxw, Honda/ACC | NJ - d48utt, Ford/XPL",,,B2,P.O. Michael Scangarella 349,23F = Theft From Motor Vehicle
25-030220,2025-04-13,18:44:52,16:00–19:59 Evening Peak,YTD,Spring,Sunday,Weekend,"64 Prospect Avenue, Hackensack, NJ, 07601","Prospect Avenue, 0 Block",G4,7.0,"Burglary - Residence - 2C:18-2, Terroristic Threats - 2C:12-3, Criminal Mischief - 2C:17-3",Burglary - Residence - 2C:18-2,Burglary - Residence - 2C:18-2,,,,,,A2,P.O. Andres Lopez 375,220 = Burglary/Breaking & Entering
25-030391,2025-03-23,14:53:00,12:00–15:59 Afternoon,YTD,Spring,Sunday,Weekend,"2 Kinderkamack Road, Hackensack, NJ, 07601","Kinderkamack Road, 0 Block",I4,9.0,Criminal Sexual Contact - 2C:14-3a,Criminal Sexual Contact - 2C:14-3a,Criminal Sexual Contact - 2C:14-3a,,,,,,A3,P.O. Juda DeOliveira 376,11D = Fondling
25-030780,2025-04-14,23:00:00,20:00–23:59 Night,YTD,Spring,Monday,Weekday,"325 Union Street, Hackensack, NJ, 07601","Union Street, 300 Block",H2,8.0,"Burglary - Residence - 2C:18-2, Theft - 2C:20-3, Criminal Mischief - 2C:17-3",Burglary - Residence - 2C:18-2,Burglary - Residence - 2C:18-2,,,,,,A1,P.O. Paula Lopez 362,220 = Burglary/Breaking & Entering
25-031651,2025-04-16,06:00:00,04:00–07:59 Morning,YTD,Spring,Wednesday,Weekday,"28 Summit Avenue, Hackensack, NJ, 07601","Summit Avenue, 0 Block",G4,7.0,Burglary - Residence - 2C:18-2,Burglary - Residence - 2C:18-2,Burglary - Residence - 2C:18-2,,,,,,B2,P.O. Denisse Caero 367,220 = Burglary/Breaking & Entering
25-031686,2025-04-18,20:30:00,20:00–23:59 Night,YTD,Spring,Friday,Weekday,"125 River Street, Hackensack, NJ, 07601","River Street, 100 Block",G1,7.0,"Robbery - 2C:15-1, Intoxicated Person, Assist Other Agency",Robbery - 2C:15-1,Robbery - 2C:15-1,,,,,,B2,P.O. Kevin Small 328,120 = Robbery
25-031868,2025-04-19,14:00:00,12:00–15:59 Afternoon,YTD,Spring,Saturday,Weekend,"11 Passaic Street, Hackensack, NJ, 07601","Passaic Street, 0 Block",H1,8.0,"Burglary - Auto - 2C:18-2, Theft - 2C:20-3",Burglary - Auto - 2C:18-2,Burglary - Auto - 2C:18-2,"NJ - xkem57, Ford/E25","NJ - h88kag, GMC/SIE","NJ - xkem57, Ford/E25 | NJ - h88kag, GMC/SIE",,,B3,P.O. Laura Lopez-Amaya 374,23F = Theft From Motor Vehicle
25-032451,2025-04-21,09:39:40,08:00–11:59 Morning Peak,YTD,Spring,Monday,Weekday,"130 Overlook Avenue, Hackensack, NJ, 07601","Overlook Avenue, 100 Block",G4,7.0,Burglary - Residence - 2C:18-2,Burglary - Residence - 2C:18-2,Burglary - Residence - 2C:18-2,,,,,,B4,P.O. Alexander Reyes 355,220 = Burglary/Breaking & Entering
25-032420,2025-04-20,03:34:00,00:00–03:59 Early Morning,YTD,Spring,Sunday,Weekend,"16 Johnson Avenue, Hackensack, NJ, 07601","Johnson Avenue, 0 Block",I4,9.0,Burglary - Commercial - 2C:18-2,Burglary - Commercial - 2C:18-2,Burglary - Commercial - 2C:18-2,,,,,,B3,P.O. Laura Lopez-Amaya 374,220 = Burglary/Breaking & Entering
25-032505,2025-04-08,05:00:00,04:00–07:59 Morning,YTD,Spring,Tuesday,Weekday,"395 South River Street, Hackensack, NJ, 07601","South River Street, 300 Block",E3,5.0,Burglary - Auto - 2C:18-2,Burglary - Auto - 2C:18-2,Burglary - Auto - 2C:18-2,"NJ - G15RSU, GEN/G80",,,,,B4,P.O. Alexander Reyes 355,23F = Theft From Motor Vehicle
25-033529,2025-04-24,10:52:00,08:00–11:59 Morning Peak,YTD,Spring,Thursday,Weekday,"135 First Street, Hackensack, NJ, 07601","First Street, 100 Block",G3,7.0,"Exceptionally Cleared/Closed, Criminal Sexual Contact - 2C:14-3a, Juvenile Investigation",Exceptionally Cleared/Closed,Exceptionally Cleared/Closed,,,,,,STA,Det. Cristobal Lara-Nunez 341,11D = Fondling
25-034836,2025-04-25,12:00:00,12:00–15:59 Afternoon,YTD,Spring,Friday,Weekday,"530 West Lookout Avenue, Hackensack, NJ, 07601","West Lookout Avenue, 500 Block",I2,9.0,Motor Vehicle Theft - 2C:20-3,Motor Vehicle Theft - 2C:20-3,Motor Vehicle Theft - 2C:20-3,"NJ - G86REG, Tesla/MOD",,,,,B3,P.O. Laura Lopez-Amaya 374,240 = Theft of Motor Vehicle
25-035174,2025-04-29,13:30:00,12:00–15:59 Afternoon,YTD,Spring,Tuesday,Weekday,"240 Prospect Avenue, Hackensack, NJ, 07601","Prospect Avenue, 200 Block",H4,8.0,Motor Vehicle Theft - 2C:20-3,Motor Vehicle Theft - 2C:20-3,Motor Vehicle Theft - 2C:20-3,"NJ - J73SXP, Hyundai/ELANTA",,,,,B4,P.O. Alexander Reyes 355,240 = Theft of Motor Vehicle
25-035383,2025-04-27,18:30:00,16:00–19:59 Evening Peak,YTD,Spring,Sunday,Weekend,"East Pleasantview Avenue  & Kipp Street, Hackensack, NJ, 07601","East Pleasantview Avenue  & Kipp Street, Hackensac",F3,6.0,"Robbery - 2C:15-1, Aggravated Assault - 2C:12-1b",Robbery - 2C:15-1,Robbery - 2C:15-1,"Unknown, BMW","unknown, Mercedes","Unknown, BMW | unknown, Mercedes",,,CSB,Det. Michael Koenig 153,
25-035499,2025-04-30,16:19:23,16:00–19:59 Evening Peak,YTD,Spring,Wednesday,Weekday,"Park Street & , Hackensack, NJ, 07601","Park Street & , Hackensack, NJ, 07601",,,Robbery - 2C:15-1,Robbery - 2C:15-1,Robbery - 2C:15-1,,,,,,A3,P.O. Angie Tabares 363,120 = Robbery
25-035868,2025-05-01,22:27:45,20:00–23:59 Night,YTD,Spring,Thursday,Weekday,"185 Central Avenue, Hackensack, NJ, 07601","Central Avenue, 100 Block",G3,7.0,"Burglary - Residence - 2C:18-2, Theft - 2C:20-3, Warrant Arrest",Burglary - Residence - 2C:18-2,Burglary - Residence - 2C:18-2,,,,,,A2,P.O. Paula Lopez 362,220 = Burglary/Breaking & Entering
25-036368,2025-03-01,06:00:00,04:00–07:59 Morning,YTD,Spring,Saturday,Weekend,"326 Prospect Avenue, Hackensack, NJ, 07601","Prospect Avenue, 300 Block",H4,8.0,Motor Vehicle Theft - 2C:20-3,Motor Vehicle Theft - 2C:20-3,Motor Vehicle Theft - 2C:20-3,"NJ - 3HRC7, Yamaha/CZD",,,,,A4,P.O. Juda DeOliveira 376,240 = Theft of Motor Vehicle
25-037005,2025-05-05,15:00:00,12:00–15:59 Afternoon,YTD,Spring,Monday,Weekday,"233 Kinderkamack Road, Hackensack, NJ, 07601","Kinderkamack Road, 200 Block",I4,9.0,"Motor Vehicle Theft - 2C:20-3, Motor Vehicle - Private Property Tow",Motor Vehicle Theft - 2C:20-3,Motor Vehicle Theft - 2C:20-3,"nj - s41usm, Volks/JET",,,,,B3,P.O. Angelo Vicale 370,
25-038214,2025-05-09,14:30:00,12:00–15:59 Afternoon,YTD,Spring,Friday,Weekday,"500 South River Street, Hackensack, NJ, 07601","South River Street, 500 Block",E3,5.0,"Robbery - 2C:15-1, Shoplifting - 2C:20-11",Robbery - 2C:15-1,Robbery - 2C:15-1,,,,,,A2,P.O. Ioannis Papanikolaou 308,120 = Robbery
25-038971,2025-05-11,04:00:00,04:00–07:59 Morning,YTD,Spring,Sunday,Weekend,"38 Moonachie Road, Hackensack, NJ, 07601","Moonachie Road, 0 Block",E3,5.0,Burglary - Auto - 2C:18-2,Burglary - Auto - 2C:18-2,Burglary - Auto - 2C:18-2,"NJ - P36RMF, Toyota/CAM",,,,,B1,P.O. Forrod Bonsu 353,23F = Theft From Motor Vehicle
25-038962,2025-05-12,06:32:00,04:00–07:59 Morning,YTD,Spring,Monday,Weekday,"70 Cedar Avenue, Hackensack, NJ, 07601","Cedar Avenue, 0 Block",I5,9.0,"Burglary - Residence - 2C:18-2, Aggravated Assault - 2C:12-1b, Unlawful Taking - 2C:20-10",Burglary - Residence - 2C:18-2,Burglary - Residence - 2C:18-2,"NJ - s28snh, Honda/PIL",,,,,B2,P.O. Nicholas Mazzaccaro 377,13A = Aggravated Assault
25-039095,2025-05-04,13:00:00,12:00–15:59 Afternoon,YTD,Spring,Sunday,Weekend,"343 Park Street, Hackensack, NJ, 07601","Park Street, 300 Block",H2,8.0,Burglary - Residence - 2C:18-2,Burglary - Residence - 2C:18-2,Burglary - Residence - 2C:18-2,,,,,,B1,P.O. Peter Voorhis 380,220 = Burglary/Breaking & Entering
25-039451,2025-05-11,15:15:09,12:00–15:59 Afternoon,YTD,Spring,Sunday,Weekend,"135 First Street, Hackensack, NJ, 07601","First Street, 100 Block",G3,,"Sexual Assault - 2C:14-2b, Juvenile Investigation",Sexual Assault - 2C:14-2b,Sexual Assault - 2C:14-2b,,,,,,A4,Det. Cristobal Lara-Nunez 341,36B = Statutory Rape
25-039778,2025-05-05,17:47:00,16:00–19:59 Evening Peak,YTD,Spring,Monday,Weekday,"520 River Street, Hackensack, NJ, 07601","River Street, 500 Block",I1,9.0,"Motor Vehicle Theft - 2C:20-3, Suspicious Incident",Motor Vehicle Theft - 2C:20-3,Motor Vehicle Theft - 2C:20-3,Ford/BRO,,,,,B2,P.O. Kevin Small 328,240 = Theft of Motor Vehicle
25-039963,2025-05-12,19:30:00,16:00–19:59 Evening Peak,YTD,Spring,Monday,Weekday,"South Railroad Avenue & Atlantic Street, Hackensack, NJ, 07601","South Railroad Avenue & Atlantic Street, Hackensac",G2,,Motor Vehicle Theft - 2C:20-3,Motor Vehicle Theft - 2C:20-3,Motor Vehicle Theft - 2C:20-3,"NJ - 6BHK7, QIA/JIG",,,,,B1,P.O. Christian Alvarez 364,240 = Theft of Motor Vehicle
25-040394,2025-05-12,08:00:00,08:00–11:59 Morning Peak,YTD,Spring,Monday,Weekday,"33 Henry Place, Hackensack, NJ, 07601","Henry Place, 0 Block",E3,5.0,Burglary - Residence - 2C:18-2,Burglary - Residence - 2C:18-2,Burglary - Residence - 2C:18-2,,,,,,A2,P.O. Paula Lopez 362,220 = Burglary/Breaking & Entering
25-041339,2025-05-18,19:30:00,16:00–19:59 Evening Peak,YTD,Spring,Sunday,Weekend,"55 Clinton Place, Hackensack, NJ, 07601","Clinton Place, 0 Block",I1,9.0,Motor Vehicle Theft - 2C:20-3,Motor Vehicle Theft - 2C:20-3,Motor Vehicle Theft - 2C:20-3,"NJ - 5964HJ, Ford/ESC",,,,,A3,P.O. Aziah Miller 357,240 = Theft of Motor Vehicle
25-041571,2025-05-14,11:15:00,08:00–11:59 Morning Peak,YTD,Spring,Wednesday,Weekday,"461 Passaic Street, Hackensack, NJ, 07601","Passaic Street, 400 Block",H5,8.0,"Burglary - Auto - 2C:18-2, Theft - 2C:20-3",Burglary - Auto - 2C:18-2,Burglary - Auto - 2C:18-2,P2403495,,,,,B4,P.O. Daniel Francavilla 329,23F = Theft From Motor Vehicle
25-041892,2025-05-13,15:30:00,12:00–15:59 Afternoon,YTD,Spring,Tuesday,Weekday,"43 Maple Avenue, Hackensack, NJ, 07601","Maple Avenue, 0 Block",I1,9.0,Criminal Sexual Contact - 2C:14-3a,Criminal Sexual Contact - 2C:14-3a,Criminal Sexual Contact - 2C:14-3a,,,,,,B4,P.O. Daniel Francavilla 329,11D = Fondling
25-042858,2025-05-24,22:24:00,20:00–23:59 Night,YTD,Spring,Saturday,Weekend,"79 Lodi Street, Hackensack, NJ, 07601","Lodi Street, 0 Block",E2,5.0,"Burglary - Residence - 2C:18-2, Criminal Mischief - 2C:17-3, Simple Assault - 2C:12-1a",Burglary - Residence - 2C:18-2,Burglary - Residence - 2C:18-2,,,,,,A4,P.O. Jeffrey Rodriguez 342,220 = Burglary/Breaking & Entering
25-042950,2025-05-25,05:45:00,04:00–07:59 Morning,YTD,Spring,Sunday,Weekend,"20 Prospect Avenue, Hackensack, NJ, 07601","Prospect Avenue, 0 Block",G4,7.0,Burglary - Commercial - 2C:18-2,Burglary - Commercial - 2C:18-2,Burglary - Commercial - 2C:18-2,,,,,,A1,P.O. Jann Aberde 386,220 = Burglary/Breaking & Entering
25-043052,2025-05-25,18:15:00,16:00–19:59 Evening Peak,YTD,Spring,Sunday,Weekend,"87 Troast Street, Hackensack, NJ, 07601","Troast Street, 0 Block",E2,5.0,"Burglary - Residence - 2C:18-2, Suspicious Person, Suspicious Incident",Burglary - Residence - 2C:18-2,Burglary - Residence - 2C:18-2,,,,,,A4,P.O. Micah Gibson 365,220 = Burglary/Breaking & Entering
25-043063,2025-04-27,19:00:00,16:00–19:59 Evening Peak,YTD,Spring,Sunday,Weekend,"60 Kansas Street, Hackensack, NJ, 07601","Kansas Street, 0 Block",E1,5.0,Burglary - Residence - 2C:18-2,Burglary - Residence - 2C:18-2,Burglary - Residence - 2C:18-2,,,,,,B1,P.O. Reuven Lyak 318,220 = Burglary/Breaking & Entering
25-043408,2025-05-27,23:27:00,20:00–23:59 Night,YTD,Spring,Tuesday,Weekday,"505 South River Street, Hackensack, NJ, 07601","South River Street, 500 Block",E3,5.0,"Robbery - 2C:15-1, Simple Assault - 2C:12-1a, Fight - Unarmed",Robbery - 2C:15-1,Robbery - 2C:15-1,,,,,,A4,P.O. Juda DeOliveira 376,120 = Robbery
25-043899,2025-05-23,08:00:00,08:00–11:59 Morning Peak,YTD,Spring,Friday,Weekday,"160 River Street, Hackensack, NJ, 07601","River Street, 100 Block",,,Burglary - Residence - 2C:18-2,Burglary - Residence - 2C:18-2,Burglary - Residence - 2C:18-2,,,,,,B2,P.O. Kevin Small 328,220 = Burglary/Breaking & Entering
25-044042,2025-05-29,03:50:00,00:00–03:59 Early Morning,YTD,Spring,Thursday,Weekday,"540 Main Street, Hackensack, NJ, 07601","Main Street, 500 Block",H2,8.0,Robbery - 2C:15-1,Robbery - 2C:15-1,Robbery - 2C:15-1,,,,,,B4,P.O. Jacob Price 366,120 = Robbery
25-045625,2025-06-02,13:40:00,12:00–15:59 Afternoon,YTD,Summer,Monday,Weekday,"1 University Plaza Drive, Hackensack, NJ, 07601","University Plaza Drive, 0 Block",I3,9.0,Motor Vehicle Theft - 2C:20-3,Motor Vehicle Theft - 2C:20-3,Motor Vehicle Theft - 2C:20-3,"NJ - XEFE81, Ford/E35",,,,,A3,P.O. Angie Tabares 363,240 = Theft of Motor Vehicle
25-045839,2025-06-03,19:30:42,16:00–19:59 Evening Peak,YTD,Summer,Tuesday,Weekday,"160 Overlook Avenue, Hackensack, NJ, 07601","Overlook Avenue, 100 Block",G4,7.0,Motor Vehicle Theft - 2C:20-3,Motor Vehicle Theft - 2C:20-3,Motor Vehicle Theft - 2C:20-3,"NJ - 4HXZ4, YAM/YZF",,,,,A2,P.O. Anthony Mattalian 83,240 = Theft of Motor Vehicle
25-045993,2025-06-01,12:00:00,12:00–15:59 Afternoon,YTD,Summer,Sunday,Weekend,"167 Central Avenue, Hackensack, NJ, 07601","Central Avenue, 100 Block",G3,7.0,"Sexual Assault - 2C:14-2b, Investigation - Follow-Up, Active/Administratively Closed",Sexual Assault - 2C:14-2b,Sexual Assault - 2C:14-2b,,,,,,DET,Det. John Tanucilli 335,11A = Rape
25-046294,2025-06-05,06:50:00,04:00–07:59 Morning,YTD,Summer,Thursday,Weekday,"411 Simons Avenue, Hackensack, NJ, 07601","Simons Avenue, 400 Block",F2,6.0,"Burglary - Auto - 2C:18-2, Criminal Mischief - 2C:17-3",Burglary - Auto - 2C:18-2,Burglary - Auto - 2C:18-2,"NJ - P55UNM, Infiniti/Q50",,,,,B3,P.O. Angelo Vicale 370,23F = Theft From Motor Vehicle
25-046290,2025-06-05,06:46:00,04:00–07:59 Morning,YTD,Summer,Thursday,Weekday,"39 Union Street, Hackensack, NJ, 07601","Union Street, 0 Block",G2,7.0,"Burglary - Auto - 2C:18-2, Criminal Mischief - 2C:17-3",Burglary - Auto - 2C:18-2,Burglary - Auto - 2C:18-2,"NY - EJK4320, Infiniti/Q50",,,,,B4,P.O. Roselys Salas 369,240 = Theft of Motor Vehicle
25-047026,2025-06-07,08:30:00,08:00–11:59 Morning Peak,YTD,Summer,Saturday,Weekend,"414 Hackensack Avenue, Hackensack, NJ, 07601","Hackensack Avenue, 400 Block",I6,9.0,"Burglary - Auto - 2C:18-2, Criminal Mischief - 2C:17-3",Burglary - Auto - 2C:18-2,Burglary - Auto - 2C:18-2,"NJ - J58VJZ, Subaru/FOR",,,,,B3,P.O. Maximiliano Anguizaca 368,23F = Theft From Motor Vehicle
25-047203,2025-06-08,01:30:00,00:00–03:59 Early Morning,YTD,Summer,Sunday,Weekend,"282 American Legion Drive, Hackensack, NJ, 07601","American Legion Drive, 200 Block",G3,7.0,Burglary - Auto - 2C:18-2,Burglary - Auto - 2C:18-2,Burglary - Auto - 2C:18-2,NJ - t64klc,,,,,B4,P.O. Roselys Salas 369,23F = Theft From Motor Vehicle
25-047385,2025-06-08,23:35:00,20:00–23:59 Night,YTD,Summer,Sunday,Weekend,"111 River Street, Hackensack, NJ, 07601","River Street, 100 Block",G1,7.0,Robbery - 2C:15-1,Robbery - 2C:15-1,Robbery - 2C:15-1,,,,,,B1,P.O. James Han 165,120 = Robbery
25-048048,2025-06-11,04:31:00,04:00–07:59 Morning,YTD,Summer,Wednesday,Weekday,"150 Main Street, Hackensack, NJ, 07601","Main Street, 100 Block",,,Motor Vehicle Theft - 2C:20-3,Motor Vehicle Theft - 2C:20-3,Motor Vehicle Theft - 2C:20-3,"NJ - v82upj, Toyota/RUN",,,,,A2,P.O. Massimo Gallorini 379,240 = Theft of Motor Vehicle
25-050281,2025-06-18,09:15:00,08:00–11:59 Morning Peak,YTD,Summer,Wednesday,Weekday,"259 Park Street, Hackensack, NJ, 07601","Park Street, 200 Block",H2,8.0,Burglary - Residence - 2C:18-2,Burglary - Residence - 2C:18-2,Burglary - Residence - 2C:18-2,,,,,,A4,P.O. Micah Gibson 365,220 = Burglary/Breaking & Entering
25-050625,2025-06-19,11:33:00,08:00–11:59 Morning Peak,YTD,Summer,Thursday,Weekday,"500 South River Street, Hackensack, NJ, 07601","South River Street, 500 Block",E3,5.0,"Robbery - 2C:15-1, Shoplifting - 2C:20-11, Aggravated Assault - 2C:12-1b",Robbery - 2C:15-1,Robbery - 2C:15-1,"PA - MNL7949, Nissan",,,,,A3,P.O. Aziah Miller 357,120 = Robbery
25-051110,2025-06-21,03:40:45,00:00–03:59 Early Morning,YTD,Summer,Saturday,Weekend,"20 Atlantic Street, Hackensack, NJ, 07601","Atlantic Street, 0 Block",,,"Motor Vehicle Theft - 2C:20-3, Notification Request",Motor Vehicle Theft - 2C:20-3,Motor Vehicle Theft - 2C:20-3,"NJ - w70rje, KIA/SPO",,,,,A1,P.O. Jann Aberde 386,240 = Theft of Motor Vehicle
25-051150,2025-06-20,23:30:00,20:00–23:59 Night,YTD,Summer,Friday,Weekday,"274 State Street, Hackensack, NJ, 07601","State Street, 200 Block",H2,8.0,"Burglary - Auto - 2C:18-2, Criminal Attempt - 2C:5-1, Motor Vehicle Theft - 2C:20-3",Burglary - Auto - 2C:18-2,Burglary - Auto - 2C:18-2,"NJ - M60JZJ, Hyundai/ELA",,,,,B4,P.O. Alexander Reyes 355,240 = Theft of Motor Vehicle
25-051170,2025-06-21,10:55:00,08:00–11:59 Morning Peak,YTD,Summer,Saturday,Weekend,"274 Main Street, Hackensack, NJ, 07601","Main Street, 200 Block",H1,8.0,Motor Vehicle Theft - 2C:20-3,Motor Vehicle Theft - 2C:20-3,Motor Vehicle Theft - 2C:20-3,"NJ - S88UJJ, Toyota/HIG",,,,,B3,P.O. Angelo Vicale 370,240 = Theft of Motor Vehicle
25-051478,2025-06-21,19:00:00,16:00–19:59 Evening Peak,YTD,Summer,Saturday,Weekend,"95 Tracy Place, Hackensack, NJ, 07601","Tracy Place, 0 Block",G5,7.0,Motor Vehicle Theft - 2C:20-3,Motor Vehicle Theft - 2C:20-3,Motor Vehicle Theft - 2C:20-3,"NJ
 - G85RPW, Toyota/COR",,,,,B4,P.O. Jacob Price 366,240 = Theft of Motor Vehicle
25-052508,2025-06-25,13:00:00,12:00–15:59 Afternoon,YTD,Summer,Wednesday,Weekday,"355 West Pleasantview Avenue , Hackensack, NJ, 07601","West Pleasantview Avenue, 300 Block",F3,6.0,Burglary - Auto - 2C:18-2,Burglary - Auto - 2C:18-2,Burglary - Auto - 2C:18-2,"NJ - C58VRT, Subaru/CRO",,,,,A3,P.O. Anzour Marza 356,23F = Theft From Motor Vehicle
25-052908,2025-06-23,08:00:00,08:00–11:59 Morning Peak,YTD,Summer,Monday,Weekday,"250 Main Street, Hackensack, NJ, 07601","Main Street, 200 Block",H1,8.0,"Burglary - Residence - 2C:18-2, Theft - 2C:20-3",Burglary - Residence - 2C:18-2,Burglary - Residence - 2C:18-2,,,,,,A2,P.O. Paula Lopez 362,220 = Burglary/Breaking & Entering
25-053161,2025-06-27,14:18:09,12:00–15:59 Afternoon,YTD,Summer,Friday,Weekday,"77 Prospect Avenue, Hackensack, NJ, 07601","Prospect Avenue, 0 Block",G4,7.0,Burglary - Residence - 2C:18-2,Burglary - Residence - 2C:18-2,Burglary - Residence - 2C:18-2,,,,,,A3,P.O. Angie Tabares 363,220 = Burglary/Breaking & Entering
25-053984,2025-06-29,15:00:00,12:00–15:59 Afternoon,YTD,Summer,Sunday,Weekend,"33 East Broadway, Hackensack, NJ, 07601","East Broadway, 0 Block",E2,5.0,"Burglary - Auto - 2C:18-2, Theft - 2C:20-3",Burglary - Auto - 2C:18-2,Burglary - Auto - 2C:18-2,"NJ - F10SMK, Ford/ECO",,,,,B3,P.O. Laura Lopez-Amaya 374,23F = Theft From Motor Vehicle
25-054058,2025-06-30,11:16:33,08:00–11:59 Morning Peak,YTD,Summer,Monday,Weekday,"100 Essex Street, Hackensack, NJ, 07601","Essex Street, 100 Block",G2,7.0,Burglary - Residence - 2C:18-2,Burglary - Residence - 2C:18-2,Burglary - Residence - 2C:18-2,,,,,,B4,P.O. Ricardo Swaby 381,220 = Burglary/Breaking & Entering
25-054454,2025-07-01,12:47:00,12:00–15:59 Afternoon,YTD,Summer,Tuesday,Weekday,"500 South River Street, Hackensack, NJ, 07601","South River Street, 500 Block",E3,5.0,"Robbery - 2C:15-1, Shoplifting - 2C:20-11",Robbery - 2C:15-1,Robbery - 2C:15-1,,,,,,B4,P.O. Roselys Salas 369,120 = Robbery
25-054890,2025-07-02,11:45:00,08:00–11:59 Morning Peak,YTD,Summer,Wednesday,Weekday,"175 Passaic Street, Hackensack, NJ, 07601","Passaic Street, 100 Block",H3,8.0,Burglary - Residence - 2C:18-2,Burglary - Residence - 2C:18-2,Burglary - Residence - 2C:18-2,,,,,,B1,P.O. Forrod Bonsu 353,220 = Burglary/Breaking & Entering
25-055122,2025-06-27,09:30:00,08:00–11:59 Morning Peak,YTD,Summer,Friday,Weekday,"400  Hackensack Avenue, Hackensack, NJ, 07601","Hackensack Avenue, 400 Block",I6,9.0,"Burglary - Commercial - 2C:18-2, Theft - 2C:20-3",Burglary - Commercial - 2C:18-2,Burglary - Commercial - 2C:18-2,,,,,,A1,P.O. Jann Aberde 386,220 = Burglary/Breaking & Entering
25-055295,2025-07-03,15:00:00,12:00–15:59 Afternoon,YTD,Summer,Thursday,Weekday,"275 Beech Street, Hackensack, NJ, 07601","Beech Street, 200 Block",G4,7.0,"Sexual Assault - 2C:14-2b, Juvenile Investigation",Sexual Assault - 2C:14-2b,Sexual Assault - 2C:14-2b,,,,,,A3,P.O. Eric Badalyan 382,36A = Incest
25-056435,2025-07-07,14:35:00,12:00–15:59 Afternoon,YTD,Summer,Monday,Weekday,"65 Court Street, Hackensack, NJ, 07601","Court Street, 0 Block",E1,5.0,"Warrant Arrest, Robbery - 2C:15-1, Weapons - Unlawful Purposes - 2C:39-4",Warrant Arrest,Warrant Arrest,,,,,,B2,P.O. Bobby Rivera 361,
25-056999,2025-07-08,19:45:00,16:00–19:59 Evening Peak,YTD,Summer,Tuesday,Weekday,"240 First Street, Hackensack, NJ, 07601","First Street, 200 Block",H3,8.0,Burglary - Residence - 2C:18-2,Burglary - Residence - 2C:18-2,Burglary - Residence - 2C:18-2,,,,,,B3,P.O. Angelo Vicale 370,
25-057343,2025-07-10,02:22:00,00:00–03:59 Early Morning,YTD,Summer,Thursday,Weekday,"10 Sussex Street, Hackensack, NJ, 07601","Sussex Street, 0 Block",G1,7.0,"Robbery - 2C:15-1, Aggravated Assault - 2C:12-1b, Terroristic Threats - 2C:12-3",Robbery - 2C:15-1,Robbery - 2C:15-1,,,,,,B4,P.O. Alexander Reyes 355,
25-057654,2025-07-11,01:10:29,00:00–03:59 Early Morning,YTD,Summer,Friday,Weekday,"57 McKinley Street, Hackensack, NJ, 07601","McKinley Street, 0 Block",F1,6.0,"Simple Assault - 2C:12-1a, Robbery - 2C:15-1, Criminal Mischief - 2C:17-3",Simple Assault - 2C:12-1a,Simple Assault - 2C:12-1a,,,,,,A1,P.O. Ricardo Swaby 381,
25-058331,2025-07-13,02:42:00,00:00–03:59 Early Morning,YTD,Summer,Sunday,Weekend,"Charles Street & , Hackensack, NJ, 07601","Charles Street & , Hackensack, NJ, 07601",F1,,Sexual Assault - 2C:14-2b,Sexual Assault - 2C:14-2b,Sexual Assault - 2C:14-2b,,,,,,A4,P.O. Juda DeOliveira 376,
25-058451,2025-07-13,13:18:19,12:00–15:59 Afternoon,YTD,Summer,Sunday,Weekend,"210 Main Street, Hackensack, NJ, 07601","Main Street, 200 Block",H1,8.0,Burglary - Residence - 2C:18-2,Burglary - Residence - 2C:18-2,Burglary - Residence - 2C:18-2,,,,1200.0,,A1,P.O. Nart Marza 321,
25-058479,2025-07-13,12:30:00,12:00–15:59 Afternoon,YTD,Summer,Sunday,Weekend,"210 Main Street, Hackensack, NJ, 07601","Main Street, 200 Block",H1,8.0,Burglary - Residence - 2C:18-2,Burglary - Residence - 2C:18-2,Burglary - Residence - 2C:18-2,,,,,,A1,P.O. Jann Aberde 386,
25-059260,2025-07-15,20:00:00,20:00–23:59 Night,YTD,Summer,Tuesday,Weekday,"18 Lodi Street, Hackensack, NJ, 07601","Lodi Street, 0 Block",E2,6.0,Burglary - Auto - 2C:18-2,Burglary - Auto - 2C:18-2,Burglary - Auto - 2C:18-2,"NJ - Z23VFV, Dodge/DAK",,,,,B3,P.O. Laura Lopez-Amaya 374,
25-059951,2025-07-17,23:01:06,20:00–23:59 Night,YTD,Summer,Thursday,Weekday,"56 Pink Street, Hackensack, NJ, 07601","Pink Street, 0 Block",E2,5.0,"Sexual Assault - 2C:14-2b, Juvenile Investigation, Dispute",Sexual Assault - 2C:14-2b,Sexual Assault - 2C:14-2b,,,,,,B4,P.O. Roselys Salas 369,
25-060143,2025-07-17,16:30:00,16:00–19:59 Evening Peak,YTD,Summer,Thursday,Weekday,"65 Court Street, Hackensack, NJ, 07601","Court Street, 0 Block",E1,5.0,Robbery - 2C:15-1,Robbery - 2C:15-1,Robbery - 2C:15-1,,,,,,,SPO. Aster Abueg 817,
25-060245,2025-07-18,23:31:00,20:00–23:59 Night,YTD,Summer,Friday,Weekday,"400 Central Avenue, Hackensack, NJ, 07601","Central Avenue, 400 Block",H5,8.0,"Burglary - Auto - 2C:18-2, Theft - 2C:20-3",Burglary - Auto - 2C:18-2,Burglary - Auto - 2C:18-2,"NJ - M57SNC, Jeep/GRA",,,,,B4,P.O. Roselys Salas 369,
25-060401,2025-07-18,20:30:00,20:00–23:59 Night,YTD,Summer,Friday,Weekday,"307 Maple Hill Drive, Hackensack, NJ, 07601","Maple Hill Drive, 300 Block",H5,,Burglary - Auto - 2C:18-2,Burglary - Auto - 2C:18-2,Burglary - Auto - 2C:18-2,"NY - knf9225, HONDA/ACCORD",,,,,A2,P.O. Christopher Cole 385,
25-060402,2025-07-18,20:30:00,20:00–23:59 Night,YTD,Summer,Friday,Weekday,"307 Maple Hill Drive, Hackensack, NJ, 07601","Maple Hill Drive, 300 Block",,,Burglary - Auto - 2C:18-2,Burglary - Auto - 2C:18-2,Burglary - Auto - 2C:18-2,"NY - hkr1235, Honda/CRV",,,,,A2,P.O. Christopher Cole 385,
25-060392,2025-07-18,20:30:00,20:00–23:59 Night,YTD,Summer,Friday,Weekday,"307 Maple Hill Drive, Hackensack, NJ, 07601","Maple Hill Drive, 300 Block",H5,8.0,Burglary - Auto - 2C:18-2,Burglary - Auto - 2C:18-2,Burglary - Auto - 2C:18-2,"NJ - j30uaf, Nissan/MUR",,,,,A2,P.O. Christopher Cole 385,
25-061119,2025-07-21,12:45:00,12:00–15:59 Afternoon,YTD,Summer,Monday,Weekday,"33 Oak Street, Hackensack, NJ, 07601","Oak Street, 0 Block",I4,9.0,"Burglary - Residence - 2C:18-2, Motor Vehicle Theft - 2C:20-3, Criminal Mischief - 2C:17-3",Burglary - Residence - 2C:18-2,Burglary - Residence - 2C:18-2,"NJ - P26RLZ, Lamborguini/Huracan","NJ - G15VSH, Mercedes-Benz/G63","NJ - P26RLZ, Lamborguini/Huracan | NJ - G15VSH, Mercedes-Benz/G63",,,A4,P.O. Juda DeOliveira 376,
25-061760,2025-07-22,22:00:00,20:00–23:59 Night,YTD,Summer,Tuesday,Weekday,"469 Passaic Street, Hackensack, NJ, 07601","Passaic Street, 400 Block",H5,8.0,Burglary - Auto - 2C:18-2,Burglary - Auto - 2C:18-2,Burglary - Auto - 2C:18-2,"NJ - E99RPU, Acura/MDX",,,,,B2,P.O. Kevin Small 328,
25-062452,2025-07-24,22:46:00,20:00–23:59 Night,YTD,Summer,Thursday,Weekday,"90 Hackensack Avenue, Hackensack, NJ, 07601","Hackensack Avenue, 0 Block",I1,9.0,"Burglary - Commercial - 2C:18-2, Criminal Mischief - 2C:17-3",Burglary - Commercial - 2C:18-2,Burglary - Commercial - 2C:18-2,Dodge/Ram,,,,,B2,P.O. Nicholas Mazzaccaro 377,
25-062738,2025-07-25,23:00:00,20:00–23:59 Night,YTD,Summer,Friday,Weekday,"81 Euclid Avenue, Hackensack, NJ, 07601","Euclid Avenue, 0 Block",I2,9.0,Burglary - Auto - 2C:18-2,Burglary - Auto - 2C:18-2,Burglary - Auto - 2C:18-2,"NJ - n50vml, Honda/CRV",,,,,B2,P.O. Nicholas Mazzaccaro 377,
25-063212,2025-07-27,15:30:00,12:00–15:59 Afternoon,YTD,Summer,Sunday,Weekend,"Old Hoboken Road & Blauvelt Place, Hackensack, NJ, 07601","Old Hoboken Road & Blauvelt Place, Hackensack, NJ,",,,"Recovered Stolen Vehicle, Motor Vehicle Theft - 2C:20-3",Recovered Stolen Vehicle,Recovered Stolen Vehicle,"NC - VFJ5061, BMW/440I GRAN COUP",,,,,A3,P.O. Ruben Almonte 359,
25-063470,2025-07-28,08:00:00,08:00–11:59 Morning Peak,YTD,Summer,Monday,Weekday,"286 Lodi Street, Hackensack, NJ, 07601","Lodi Street, 200 Block",F1,6.0,Burglary - Auto - 2C:18-2,Burglary - Auto - 2C:18-2,Burglary - Auto - 2C:18-2,"NJ - xmgf31, Ford/EC2",,,9500.0,,A1,P.O. Nart Marza 321,
25-063524,2025-07-27,03:52:00,00:00–03:59 Early Morning,YTD,Summer,Sunday,Weekend,"75 Atlantic Street, Hackensack, NJ, 07601","Atlantic Street, 0 Block",G2,7.0,Burglary - Auto - 2C:18-2,Burglary - Auto - 2C:18-2,Burglary - Auto - 2C:18-2,"NJ - k79ugw, Honda/ACC",,,,,A2,P.O. Massimo Gallorini 379,
