case_number,response_type,category_type,how_reported,location,block,grid,post,time_of_call,time_dispatched,time_out,time_in,time_spent_minutes,time_response_minutes,time_spent_formatted,time_response_formatted,officer,disposition
25-000813,Routine,Criminal Incidents,Phone,"309 Lookout Avenue, Hackensack, NJ, 07601","Lookout Avenue, 300 Block",I2,9.0,2025-01-04 10:59:09,2025-01-04 11:12:37,2025-01-04 11:24:46,2025-01-04 11:46:06,21.33,13.47,0 Hrs. 21 Mins,13 Mins. 28 Secs,P.O. Nicholas Mazzaccaro 377,See Report
25-002564,Routine,Criminal Incidents,Other - See Notes,"135 First Street, Hackensack, NJ, 07601","First Street, 100 Block",G3,7.0,2025-01-10 14:20:51,2025-01-10 14:21:29,2025-01-10 14:21:35,2025-01-10 14:21:37,0.03,0.63,0 Hrs. 00 Mins,00 Mins. 37 Secs,Det. Cristobal Lara-Nunez 341,See Report
25-002635,Emergency,Criminal Incidents,Phone,"90 Prospect Avenue, Hackensack, NJ, 07601","Prospect Avenue, 0 Block",,7.0,2025-01-10 19:49:52,2025-01-10 20:04:34,2025-01-10 20:09:44,2025-01-10 21:00:18,50.57,14.7,0 Hrs. 50 Mins,14 Mins. 41 Secs,P.O. Ruben Almonte 359,See Report
25-003806,Emergency,Criminal Incidents,9-1-1,"133 Cedar Avenue, Hackensack, NJ, 07601","Cedar Avenue, 100 Block",I5,9.0,2025-01-14 14:59:48,2025-01-14 15:08:29,2025-01-14 15:17:56,2025-01-14 15:49:20,31.4,8.68,0 Hrs. 31 Mins,08 Mins. 40 Secs,P.O. Frank Lorenzo 371,See Report
25-004097,Routine,Criminal Incidents,Phone,"244 First Street, Hackensack, NJ, 07601","First Street, 200 Block",H3,8.0,2025-01-15 12:57:26,2025-01-15 12:59:13,2025-01-15 13:07:41,2025-01-15 14:17:42,70.02,1.78,1 Hrs. 10 Mins,01 Mins. 46 Secs,P.O. Frank Lorenzo 371,See Report
25-004629,Emergency,Criminal Incidents,Phone,"630 Main Street, Hackensack, NJ, 07601","Main Street, 600 Block",I1,9.0,2025-01-17 12:16:59,2025-01-17 12:22:25,2025-01-17 12:24:18,2025-01-17 12:36:44,12.43,5.43,0 Hrs. 12 Mins,05 Mins. 25 Secs,P.O. Massimo Gallorini 379,See Report
25-005871,Routine,Criminal Incidents,9-1-1,"33 Ross Avenue, Hackensack, NJ, 07601","Ross Avenue, 0 Block",I1,9.0,2025-01-22 03:10:53,2025-01-22 03:16:24,2025-01-22 03:21:14,2025-01-22 04:48:03,86.82,5.52,1 Hrs. 26 Mins,05 Mins. 31 Secs,P.O. Roselys Salas 369,See Report
25-005972,Emergency,Criminal Incidents,Walk-In,"170 South Park Street, Hackensack, NJ, 07601","South Park Street, 100 Block",G2,7.0,2025-01-22 11:51:55,2025-01-22 12:08:52,2025-01-22 12:08:57,2025-01-22 13:21:59,73.03,16.95,1 Hrs. 13 Mins,16 Mins. 56 Secs,P.O. Bobby Rivera 361,See Report
25-006083,Routine,Criminal Incidents,Phone,"443 Hudson Street, Hackensack, NJ, 07601","Hudson Street, 400 Block",E3,5.0,2025-01-22 19:14:56,2025-01-22 19:21:56,2025-01-22 19:25:15,2025-01-22 21:00:51,95.6,7.0,1 Hrs. 35 Mins,07 Mins. 00 Secs,P.O. Roselys Salas 369,See Report
25-006463,Emergency,Criminal Incidents,Phone,"208 Anderson Street, Hackensack, NJ, 07601","Anderson Street, 200 Block",H3,8.0,2025-01-24 05:01:17,2025-01-24 05:04:04,2025-01-24 05:07:21,2025-01-24 06:42:18,94.95,2.78,1 Hrs. 34 Mins,02 Mins. 46 Secs,P.O. Daniel Francavilla 329,See Report
25-008053,Emergency,Criminal Incidents,9-1-1,"140 Hudson Street, Hackensack, NJ, 07601","Hudson Street, 100 Block",E1,5.0,2025-01-29 20:53:22,2025-01-29 20:54:28,2025-01-29 20:58:03,2025-01-29 21:15:56,17.88,1.1,0 Hrs. 17 Mins,01 Mins. 06 Secs,P.O. Alexander Reyes 355,See Report
25-008075,Routine,Criminal Incidents,Phone,"119 Essex Street, Hackensack, NJ, 07601","Essex Street, 100 Block",F1,6.0,2025-01-29 22:02:24,2025-01-29 22:04:31,2025-01-29 22:11:01,2025-01-29 22:37:19,26.3,2.12,0 Hrs. 26 Mins,02 Mins. 07 Secs,P.O. Roselys Salas 369,See Report
25-008777,Routine,Criminal Incidents,9-1-1,"453 Sutton Avenue, Hackensack, NJ, 07601","Sutton Avenue, 400 Block",F2,6.0,2025-02-01 02:52:33,2025-02-01 02:55:10,2025-02-01 02:56:13,2025-02-01 05:14:14,138.02,2.62,2 Hrs. 18 Mins,02 Mins. 37 Secs,P.O. Roselys Salas 369,See Report
25-009348,Emergency,Criminal Incidents,Radio,"144 Hudson Street, Hackensack, NJ, 07601","Hudson Street, 100 Block",E1,5.0,2025-02-03 12:02:04,2025-02-03 12:02:31,2025-02-03 12:02:36,2025-02-03 12:32:29,29.88,0.45,0 Hrs. 29 Mins,00 Mins. 27 Secs,P.O. Carmine Maceri 378,See Report
25-009438,Emergency,Criminal Incidents,Phone,"400 Hackensack Avenue, Hackensack, NJ, 07601","Hackensack Avenue, 400 Block",I6,9.0,2025-02-03 16:40:35,2025-02-03 16:44:46,2025-02-03 16:49:17,2025-02-03 18:18:58,89.68,4.18,1 Hrs. 29 Mins,04 Mins. 10 Secs,P.O. Aziah Miller 357,See Report
25-009550,Routine,Criminal Incidents,Phone,"411 Simons Avenue, Hackensack, NJ, 07601","Simons Avenue, 400 Block",F2,6.0,2025-02-04 03:21:47,2025-02-04 03:23:35,2025-02-04 03:27:49,2025-02-04 03:39:18,11.48,1.8,0 Hrs. 11 Mins,01 Mins. 48 Secs,P.O. Paula Lopez 362,See Report
25-009657,Routine,Criminal Incidents,Phone,"55 Midtown Bridge Approach, Hackensack, NJ, 07601","Midtown Bridge Approach, 0 Block",H1,8.0,2025-02-04 12:43:32,2025-02-04 13:24:05,2025-02-04 13:26:36,2025-02-04 14:34:02,67.43,40.55,1 Hrs. 07 Mins,40 Mins. 32 Secs,P.O. Micah Gibson 365,See Report
25-010474,Routine,Criminal Incidents,Phone,"170 Hudson Street, Hackensack, NJ, 07601","Hudson Street, 100 Block",E2,5.0,2025-02-07 07:22:38,2025-02-07 07:24:11,2025-02-07 07:30:03,2025-02-07 08:33:20,63.28,1.55,1 Hrs. 03 Mins,01 Mins. 33 Secs,P.O. Matthew Tedesco 316,See Report
25-010788,Routine,Criminal Incidents,Walk-In,"Hudson Street & Moonachie Road, Hackensack, NJ, 07601",Hudson Street & Moonachie Road,E3,5.0,2025-02-08 09:22:04,2025-02-08 09:25:59,2025-02-08 09:30:01,2025-02-08 10:26:16,56.25,3.92,0 Hrs. 56 Mins,03 Mins. 55 Secs,P.O. Daniel Francavilla 329,See Report
25-012325,Emergency,Criminal Incidents,Phone,"280 Kipp Street, Hackensack, NJ, 07601","Kipp Street, 200 Block",F3,6.0,2025-02-14 07:10:39,2025-02-14 07:12:18,2025-02-14 07:15:51,2025-02-14 07:34:26,18.58,1.65,0 Hrs. 18 Mins,01 Mins. 38 Secs,P.O. Angelo Vicale 370,See Report
25-013091,Routine,Criminal Incidents,Walk-In,"100 Second Street, Hackensack, NJ, 07601","Second Street, 100 Block",G3,7.0,2025-02-17 08:22:14,2025-02-17 08:25:04,2025-02-17 08:38:55,2025-02-17 09:39:13,60.3,2.83,1 Hrs. 00 Mins,02 Mins. 49 Secs,P.O. Ruben Almonte 359,See Report
25-013527,Emergency,Criminal Incidents,Phone,"240 Prospect Avenue, Hackensack, NJ, 07601","Prospect Avenue, 200 Block",H4,8.0,2025-02-18 17:39:20,2025-02-18 17:39:43,2025-02-18 17:40:26,2025-02-18 17:40:29,0.05,0.38,0 Hrs. 00 Mins,00 Mins. 22 Secs,Det. Matthew Dogali 338,See Report
25-013689,Routine,Criminal Incidents,Walk-In,"18 East Camden Street, Hackensack, NJ, 07601","East Camden Street, 0 Block",H1,8.0,2025-02-19 09:17:12,2025-02-19 09:20:09,2025-02-19 09:23:27,2025-02-19 09:48:23,24.93,2.95,0 Hrs. 24 Mins,02 Mins. 57 Secs,P.O. Micah Gibson 365,See Report
25-014007,Emergency,Criminal Incidents,Phone,"360 Union Street, Hackensack, NJ, 07601","Union Street, 300 Block",H2,8.0,2025-02-20 12:52:04,2025-02-20 13:03:28,2025-02-20 13:09:45,2025-02-20 13:46:54,37.15,11.4,0 Hrs. 37 Mins,11 Mins. 24 Secs,P.O. Angie Tabares 363,See Report
25-015290,Routine,Criminal Incidents,9-1-1,"430 Washington Avenue, Hackensack, NJ, 07601","Washington Avenue, 400 Block",E3,5.0,2025-02-24 23:47:34,2025-02-24 23:51:04,2025-02-24 23:55:43,2025-02-25 00:48:01,52.3,3.5,0 Hrs. 52 Mins,03 Mins. 30 Secs,P.O. Denisse Caero 367,See Report
25-016142,Emergency,Criminal Incidents,Phone,"100 State Street, Hackensack, NJ, 07601","State Street, 100 Block",G1,7.0,2025-02-27 21:22:35,2025-02-27 21:27:26,2025-02-27 21:30:24,2025-02-27 22:14:31,44.12,4.85,0 Hrs. 44 Mins,04 Mins. 50 Secs,P.O. Anthony Mattalian 83,See Report
25-018160,Emergency,Criminal Incidents,Phone,"216 Central Avenue, Hackensack, NJ, 07601","Central Avenue, 200 Block",H3,8.0,2025-03-06 22:35:45,2025-03-06 22:46:48,2025-03-06 22:50:26,2025-03-06 23:21:01,30.58,11.05,0 Hrs. 30 Mins,11 Mins. 03 Secs,P.O. Ruben Almonte 359,See Report
25-019111,Emergency,Criminal Incidents,9-1-1,"65 Court Street, Hackensack, NJ, 07601","Court Street, 0 Block",E1,5.0,2025-03-09 21:32:32,2025-03-09 21:34:13,2025-03-09 21:36:05,2025-03-09 22:14:52,38.78,1.68,0 Hrs. 38 Mins,01 Mins. 40 Secs,P.O. Roselys Salas 369,See Report
25-019245,Emergency,Criminal Incidents,Phone,"282 American Legion Drive, Hackensack, NJ, 07601","American Legion Drive, 200 Block",G3,7.0,2025-03-10 08:53:28,2025-03-10 08:53:28,2025-03-10 08:53:28,2025-03-10 08:53:28,0.0,0.0,0 Hrs. 00 Mins,00 Mins. 00 Secs,P.O. Peter Voorhis 380,See Report
25-020998,Emergency,Criminal Incidents,Phone,"472 Passaic Street, Hackensack, NJ, 07601","Passaic Street, 400 Block",H5,8.0,2025-03-15 20:39:03,2025-03-15 20:51:59,2025-03-15 20:59:50,2025-03-15 21:21:57,22.12,12.93,0 Hrs. 22 Mins,12 Mins. 55 Secs,P.O. Angie Tabares 363,See Report
25-021086,Emergency,Criminal Incidents,9-1-1,"64 Prospect Avenue, Hackensack, NJ, 07601","Prospect Avenue, 0 Block",G4,7.0,2025-03-16 03:15:35,2025-03-16 03:18:55,2025-03-16 03:25:05,2025-03-16 06:25:03,179.97,3.33,2 Hrs. 59 Mins,03 Mins. 19 Secs,P.O. Aziah Miller 357,See Report
25-021797,Emergency,Criminal Incidents,Phone,"45 Linden Street, Hackensack, NJ, 07601","Linden Street, 0 Block",H3,8.0,2025-03-18 11:39:23,2025-03-18 12:06:22,2025-03-18 12:14:36,2025-03-18 12:44:11,29.58,26.98,0 Hrs. 29 Mins,26 Mins. 58 Secs,P.O. Nicholas Mazzaccaro 377,See Report
25-022902,Routine,Criminal Incidents,Phone,"171 Kenneth Street, Hackensack, NJ, 07601","Kenneth Street, 100 Block",F1,6.0,2025-03-21 14:19:53,2025-03-21 14:24:23,2025-03-21 14:34:19,2025-03-21 16:25:41,111.37,4.5,1 Hrs. 51 Mins,04 Mins. 30 Secs,P.O. Andres Lopez 375,See Report
25-023424,Emergency,Criminal Incidents,9-1-1,"24 Pulaski Park, Hackensack, NJ, 07601","Pulaski Park, 0 Block",E3,5.0,2025-03-23 04:55:22,2025-03-23 04:57:23,2025-03-23 05:01:37,2025-03-23 06:11:29,69.87,2.02,1 Hrs. 09 Mins,02 Mins. 01 Secs,P.O. Micah Gibson 365,See Report
25-024100,Emergency,Criminal Incidents,Radio,"450 Hackensack Avenue, Hackensack, NJ, 07601","Hackensack Avenue, 400 Block",I6,9.0,2025-03-25 12:04:57,2025-03-25 12:07:11,2025-03-25 12:15:35,2025-03-25 13:10:31,54.93,2.23,0 Hrs. 54 Mins,02 Mins. 13 Secs,P.O. Christian Alvarez 364,See Report
25-024791,Emergency,Criminal Incidents,Phone,"211 Essex Street, Hackensack, NJ, 07601","Essex Street, 200 Block",F1,6.0,2025-03-27 12:51:45,2025-03-27 13:00:57,2025-03-27 13:16:17,2025-03-27 14:27:17,71.0,9.2,1 Hrs. 11 Mins,09 Mins. 11 Secs,P.O. Daniel Francavilla 329,See Report
25-025078,Emergency,Criminal Incidents,9-1-1,"2 Park Avenue, Hackensack, NJ, 07601","Park Avenue, 0 Block",H1,8.0,2025-03-28 11:13:39,2025-03-28 11:17:16,2025-03-28 11:19:12,2025-03-28 13:40:32,141.33,3.62,2 Hrs. 21 Mins,03 Mins. 37 Secs,P.O. Peter Voorhis 380,See Report
25-025341,Routine,Criminal Incidents,Phone,"296 Berry Street, Hackensack, NJ, 07601","Berry Street, 200 Block",H4,8.0,2025-03-29 10:19:00,2025-03-29 10:20:44,2025-03-29 10:23:59,2025-03-29 11:41:28,77.48,1.73,1 Hrs. 17 Mins,01 Mins. 43 Secs,P.O. Wanda Rivera 161,See Report
25-025926,Emergency,Criminal Incidents,Phone,"100 Essex Street, Hackensack, NJ, 07601","Essex Street, 100 Block",G2,7.0,2025-03-31 13:02:43,2025-03-31 13:06:55,2025-03-31 13:11:21,2025-03-31 14:02:57,51.6,4.2,0 Hrs. 51 Mins,04 Mins. 12 Secs,P.O. Anthony Mattalian 83,See Report
25-026077,Emergency,Criminal Incidents,9-1-1,"Central Avenue & Second Street, Hackensack, NJ, 07601",Central Avenue & Second Street,G3,7.0,2025-03-31 22:19:40,2025-03-31 22:23:46,2025-03-31 22:26:37,2025-03-31 23:03:52,37.25,4.1,0 Hrs. 37 Mins,04 Mins. 05 Secs,P.O. Jeffrey Rodriguez 342,See Report
25-026145,Emergency,Criminal Incidents,Phone,"45 Essex Street, Hackensack, NJ, 07601","Essex Street, 0 Block",E1,5.0,2025-04-01 06:22:25,2025-04-01 06:27:15,2025-04-01 06:28:41,2025-04-01 07:00:47,32.1,4.83,0 Hrs. 32 Mins,04 Mins. 49 Secs,P.O. Frank Caneja 346,See Report
25-026357,Emergency,Criminal Incidents,Phone,"77 Prospect Avenue, Hackensack, NJ, 07601","Prospect Avenue, 0 Block",G4,7.0,2025-04-01 20:28:40,2025-04-01 20:31:29,2025-04-01 20:34:20,2025-04-01 21:49:35,75.25,2.82,1 Hrs. 15 Mins,02 Mins. 49 Secs,P.O. Anzour Marza 356,See Report
25-027338,Emergency,Criminal Incidents,Phone,"75 Fair Street, Hackensack, NJ, 07601","Fair Street, 0 Block",E1,5.0,2025-04-04 13:05:28,2025-04-04 13:10:01,2025-04-04 13:14:01,2025-04-04 15:14:19,120.3,4.55,2 Hrs. 00 Mins,04 Mins. 32 Secs,P.O. Alexander Reyes 355,See Report
25-028849,Emergency,Criminal Incidents,9-1-1,"260 Prospect Avenue, Hackensack, NJ, 07601","Prospect Avenue, 200 Block",H4,8.0,2025-04-09 11:34:58,2025-04-09 11:37:43,2025-04-09 12:01:15,2025-04-09 12:01:26,0.18,2.75,0 Hrs. 00 Mins,02 Mins. 45 Secs,P.O. Angie Tabares 363,See Report
25-029155,Emergency,Criminal Incidents,Phone,"283 Summit Avenue, Hackensack, NJ, 07601","Summit Avenue, 200 Block",H5,8.0,2025-04-10 13:49:36,2025-04-10 13:54:55,2025-04-10 14:00:50,2025-04-10 14:25:28,24.63,5.32,0 Hrs. 24 Mins,05 Mins. 19 Secs,P.O. Roselys Salas 369,See Report
25-029787,Emergency,Criminal Incidents,Radio,"1 Park Avenue, Hackensack, NJ, 07601","Park Avenue, 0 Block",H1,8.0,2025-04-12 09:47:06,2025-04-12 09:50:25,2025-04-12 09:53:43,2025-04-12 11:09:44,76.02,3.32,1 Hrs. 16 Mins,03 Mins. 19 Secs,P.O. Roselys Salas 369,See Report
25-030391,Emergency,Criminal Incidents,Walk-In,"2 Kinderkamack Road, Hackensack, NJ, 07601","Kinderkamack Road, 0 Block",I4,9.0,2025-04-14 11:53:23,2025-04-14 12:00:50,2025-04-14 12:01:54,2025-04-14 14:49:51,167.95,7.45,2 Hrs. 47 Mins,07 Mins. 27 Secs,P.O. Juda DeOliveira 376,See Report
25-031686,Emergency,Criminal Incidents,Phone,"125 River Street, Hackensack, NJ, 07601","River Street, 100 Block",G1,7.0,2025-04-18 23:27:52,2025-04-18 23:29:47,2025-04-18 23:34:32,2025-04-19 00:10:01,35.48,1.92,0 Hrs. 35 Mins,01 Mins. 55 Secs,P.O. Kevin Small 328,See Report
25-031868,Emergency,Criminal Incidents,9-1-1,"11 Passaic Street, Hackensack, NJ, 07601","Passaic Street, 0 Block",H1,8.0,2025-04-19 15:17:07,2025-04-19 15:20:33,2025-04-19 15:24:47,2025-04-19 16:31:45,66.97,3.43,1 Hrs. 06 Mins,03 Mins. 25 Secs,P.O. Laura Lopez-Amaya 374,See Report
25-032420,Emergency,Criminal Incidents,9-1-1,"16 Johnson Avenue, Hackensack, NJ, 07601","Johnson Avenue, 0 Block",I4,9.0,2025-04-21 08:04:33,2025-04-21 08:07:10,2025-04-21 08:10:57,2025-04-21 10:25:51,134.9,2.62,2 Hrs. 14 Mins,02 Mins. 37 Secs,P.O. Laura Lopez-Amaya 374,See Report
25-032505,Emergency,Criminal Incidents,Walk-In,"395 South River Street, Hackensack, NJ, 07601","South River Street, 300 Block",E3,5.0,2025-04-21 12:46:50,2025-04-21 13:07:07,2025-04-21 13:08:32,2025-04-21 13:57:21,48.82,20.28,0 Hrs. 48 Mins,20 Mins. 16 Secs,P.O. Alexander Reyes 355,See Report
25-033529,Routine,Criminal Incidents,Other - See Notes,"135 First Street, Hackensack, NJ, 07601","First Street, 100 Block",G3,7.0,2025-04-24 15:16:12,2025-04-24 15:16:56,2025-04-24 15:16:59,2025-04-24 15:17:03,0.07,0.73,0 Hrs. 00 Mins,00 Mins. 43 Secs,Det. Cristobal Lara-Nunez 341,See Report
25-033886,Routine,Criminal Incidents,Phone,"11 East Anderson Street, Hackensack, NJ, 07601","East Anderson Street, 0 Block",H1,8.0,2025-04-25 13:44:16,2025-04-25 13:47:34,2025-04-25 13:51:41,2025-04-25 14:36:27,44.77,3.3,0 Hrs. 44 Mins,03 Mins. 17 Secs,P.O. Juda DeOliveira 376,See Report
25-034164,Emergency,Criminal Incidents,Phone,"46 Newman Street, Hackensack, NJ, 07601","Newman Street, 0 Block",G3,7.0,2025-04-26 10:30:29,2025-04-26 10:35:25,2025-04-26 10:37:35,2025-04-26 14:11:01,213.43,4.93,3 Hrs. 33 Mins,04 Mins. 55 Secs,P.O. Maximiliano Anguizaca 368,See Report
25-034836,Routine,Criminal Incidents,Phone,"530 West Lookout Avenue, Hackensack, NJ, 07601","West Lookout Avenue, 500 Block",I2,9.0,2025-04-28 15:57:33,2025-04-28 16:06:42,2025-04-28 16:15:23,2025-04-28 16:36:03,20.67,9.15,0 Hrs. 20 Mins,09 Mins. 09 Secs,P.O. Laura Lopez-Amaya 374,See Report
25-035174,Routine,Criminal Incidents,Phone,"240 Prospect Avenue, Hackensack, NJ, 07601","Prospect Avenue, 200 Block",H4,8.0,2025-04-29 14:49:23,2025-04-29 15:20:18,2025-04-29 15:32:10,2025-04-29 16:05:12,33.03,30.92,0 Hrs. 33 Mins,30 Mins. 55 Secs,P.O. Alexander Reyes 355,See Report
25-035499,Emergency,Criminal Incidents,Walk-In,"Gamewell Street & South Park Street, Hackensack, NJ, 07601",Gamewell Street & South Park Street,,7.0,2025-04-30 16:19:23,2025-04-30 16:25:15,2025-04-30 16:28:25,2025-04-30 17:28:50,60.42,5.87,1 Hrs. 00 Mins,05 Mins. 52 Secs,P.O. Angie Tabares 363,See Report
25-036368,Routine,Criminal Incidents,Phone,"326 Prospect Avenue, Hackensack, NJ, 07601","Prospect Avenue, 300 Block",H4,8.0,2025-05-03 11:59:36,2025-05-03 12:07:36,2025-05-03 12:14:34,2025-05-03 14:11:29,116.92,8.0,1 Hrs. 56 Mins,08 Mins. 00 Secs,P.O. Juda DeOliveira 376,See Report
25-037005,Routine,Criminal Incidents,9-1-1,"233 Kinderkamack Road, Hackensack, NJ, 07601","Kinderkamack Road, 200 Block",I4,9.0,2025-05-05 18:07:55,2025-05-05 18:40:35,2025-05-05 18:49:20,2025-05-05 19:15:37,26.28,32.67,0 Hrs. 26 Mins,32 Mins. 40 Secs,P.O. Angelo Vicale 370,See Report
25-037180,Emergency,Criminal Incidents,9-1-1,"119 Essex Street, Hackensack, NJ, 07601","Essex Street, 100 Block",F1,6.0,2025-05-06 09:46:13,2025-05-06 09:48:22,2025-05-06 09:48:25,2025-05-06 10:23:13,34.8,2.15,0 Hrs. 34 Mins,02 Mins. 08 Secs,P.O. Bobby Rivera 361,See Report
25-038062,Emergency,Criminal Incidents,Phone,"100 John Street, Hackensack, NJ, 07601","John Street, 100 Block",G2,7.0,2025-05-09 00:45:54,2025-05-09 00:47:38,2025-05-09 00:50:22,2025-05-09 06:13:42,323.33,1.73,5 Hrs. 23 Mins,01 Mins. 43 Secs,P.O. Juda DeOliveira 376,See Report
25-038971,Emergency,Criminal Incidents,Phone,"38 Moonachie Road, Hackensack, NJ, 07601","Moonachie Road, 0 Block",E3,5.0,2025-05-12 06:50:10,2025-05-12 06:53:17,2025-05-12 07:01:17,2025-05-12 07:24:15,22.97,3.12,0 Hrs. 22 Mins,03 Mins. 07 Secs,P.O. Forrod Bonsu 353,See Report
25-039095,Emergency,Criminal Incidents,Walk-In,"343 Park Street, Hackensack, NJ, 07601","Park Street, 300 Block",H2,8.0,2025-05-12 13:20:26,2025-05-12 13:32:18,2025-05-12 13:47:44,2025-05-12 14:41:31,53.78,11.87,0 Hrs. 53 Mins,11 Mins. 52 Secs,P.O. Peter Voorhis 380,See Report
25-039451,Emergency,Criminal Incidents,Other - See Notes,"135 First Street, Hackensack, NJ, 07601","First Street, 100 Block",G3,7.0,2025-05-13 15:15:09,2025-05-13 15:16:01,2025-05-13 15:16:03,2025-05-13 15:16:39,0.6,0.87,0 Hrs. 00 Mins,00 Mins. 52 Secs,Det. Cristobal Lara-Nunez 341,See Report
25-039778,Routine,Criminal Incidents,Phone,"520 River Street, Hackensack, NJ, 07601","River Street, 500 Block",I1,9.0,2025-05-14 15:30:51,2025-05-14 15:32:26,2025-05-14 15:37:23,2025-05-14 16:45:23,68.0,1.58,1 Hrs. 08 Mins,01 Mins. 34 Secs,P.O. Kevin Small 328,See Report
25-039963,Routine,Criminal Incidents,Walk-In,"90 Railroad Avenue, Hackensack, NJ, 07601","Railroad Avenue, 0 Block",G2,7.0,2025-05-15 08:15:38,2025-05-15 08:16:17,2025-05-15 08:16:25,2025-05-15 08:52:35,36.17,0.65,0 Hrs. 36 Mins,00 Mins. 39 Secs,P.O. Christian Alvarez 364,See Report
25-040394,Emergency,Criminal Incidents,Walk-In,"33 Henry Place, Hackensack, NJ, 07601","Henry Place, 0 Block",E3,5.0,2025-05-16 13:20:08,2025-05-16 13:32:10,2025-05-16 13:32:17,2025-05-16 14:59:53,87.6,12.03,1 Hrs. 27 Mins,12 Mins. 01 Secs,P.O. Paula Lopez 362,See Report
25-041339,Routine,Criminal Incidents,9-1-1,"55 Clinton Place, Hackensack, NJ, 07601","Clinton Place, 0 Block",I1,9.0,2025-05-19 19:32:34,2025-05-19 19:34:39,2025-05-19 19:45:24,2025-05-19 20:58:14,72.83,2.08,1 Hrs. 12 Mins,02 Mins. 04 Secs,P.O. Aziah Miller 357,See Report
25-041571,Emergency,Criminal Incidents,Walk-In,"461 Passaic Street, Hackensack, NJ, 07601","Passaic Street, 400 Block",H5,8.0,2025-05-20 13:30:15,2025-05-20 14:04:37,2025-05-20 14:04:38,2025-05-20 14:33:41,29.05,34.37,0 Hrs. 29 Mins,34 Mins. 22 Secs,P.O. Daniel Francavilla 329,See Report
25-041892,Routine,Criminal Incidents,Walk-In,"43 Maple Avenue, Hackensack, NJ, 07601","Maple Avenue, 0 Block",I1,9.0,2025-05-21 14:05:42,2025-05-21 14:50:27,2025-05-21 14:50:35,2025-05-21 16:09:33,78.97,44.75,1 Hrs. 18 Mins,44 Mins. 45 Secs,P.O. Daniel Francavilla 329,See Report
25-042272,Emergency,Criminal Incidents,Phone,"18 East Camden Street, Hackensack, NJ, 07601","East Camden Street, 0 Block",H1,8.0,2025-05-22 21:35:24,2025-05-22 21:38:26,2025-05-22 21:40:38,2025-05-22 22:18:49,38.18,3.03,0 Hrs. 38 Mins,03 Mins. 01 Secs,P.O. Steven Lemanowicz 347,See Report
25-042950,Emergency,Criminal Incidents,Phone,"20 Prospect Avenue, Hackensack, NJ, 07601","Prospect Avenue, 0 Block",G4,7.0,2025-05-25 08:51:39,2025-05-25 09:35:39,2025-05-25 09:35:39,2025-05-25 10:37:19,61.67,44.0,1 Hrs. 01 Mins,44 Mins. 00 Secs,P.O. Jann Aberde 386,See Report
25-043899,Emergency,Criminal Incidents,Walk-In,"160 River Street, Hackensack, NJ, 07601","River Street, 100 Block",,7.0,2025-05-28 16:53:40,2025-05-28 16:57:12,2025-05-28 16:57:19,2025-05-28 17:58:35,61.27,3.53,1 Hrs. 01 Mins,03 Mins. 31 Secs,P.O. Kevin Small 328,See Report
25-044042,Emergency,Criminal Incidents,9-1-1,"Park Street & Passaic Street, Hackensack, NJ, 07601",Park Street & Passaic Street,H2,8.0,2025-05-29 03:57:10,2025-05-29 04:00:09,2025-05-29 04:01:27,2025-05-29 05:08:41,67.23,2.98,1 Hrs. 07 Mins,02 Mins. 58 Secs,P.O. Jacob Price 366,See Report
25-045625,Routine,Criminal Incidents,Phone,"1 University Plaza Drive, Hackensack, NJ, 07601","University Plaza Drive, 0 Block",I3,9.0,2025-06-03 06:10:31,2025-06-03 06:11:24,2025-06-03 06:30:05,2025-06-03 08:22:00,111.92,0.88,1 Hrs. 51 Mins,00 Mins. 52 Secs,P.O. Angie Tabares 363,See Report
25-045839,Routine,Criminal Incidents,Phone,"160 Overlook Avenue, Hackensack, NJ, 07601","Overlook Avenue, 100 Block",G4,7.0,2025-06-03 19:30:42,2025-06-03 19:47:41,2025-06-03 19:55:14,2025-06-03 21:00:02,64.8,16.98,1 Hrs. 04 Mins,16 Mins. 58 Secs,P.O. Anthony Mattalian 83,See Report
25-045993,Emergency,Criminal Incidents,Other - See Notes,"167 Central Avenue, Hackensack, NJ, 07601","Central Avenue, 100 Block",G3,7.0,2025-06-04 08:58:28,2025-06-04 08:58:28,2025-06-04 08:58:28,2025-06-04 08:58:28,0.0,0.0,0 Hrs. 00 Mins,00 Mins. 00 Secs,Det. John Tanucilli 335,See Report
25-046075,Emergency,Criminal Incidents,Phone,"6-8 Prospect Avenue, Hackensack, NJ, 07601",Check Location Data,,,2025-06-04 14:05:59,2025-06-04 15:32:32,2025-06-04 15:42:34,2025-06-04 17:55:42,133.13,86.55,2 Hrs. 13 Mins,86 Mins. 32 Secs,P.O. Aziah Miller 357,See Report
25-046290,Emergency,Criminal Incidents,9-1-1,"39 Union Street, Hackensack, NJ, 07601","Union Street, 0 Block",G2,7.0,2025-06-05 06:47:22,2025-06-05 07:00:54,2025-06-05 07:04:19,2025-06-05 07:32:25,28.1,13.53,0 Hrs. 28 Mins,13 Mins. 31 Secs,P.O. Roselys Salas 369,See Report
25-046294,Emergency,Criminal Incidents,9-1-1,"410 Simons Avenue, Hackensack, NJ, 07601","Simons Avenue, 400 Block",F2,6.0,2025-06-05 06:53:06,2025-06-05 06:53:06,2025-06-05 06:53:06,2025-06-05 06:53:06,0.0,0.0,0 Hrs. 00 Mins,00 Mins. 00 Secs,P.O. Angelo Vicale 370,See Report
25-047026,Emergency,Criminal Incidents,Phone,"414 Hackensack Avenue, Hackensack, NJ, 07601","Hackensack Avenue, 400 Block",I6,9.0,2025-06-07 17:14:43,2025-06-07 17:18:13,2025-06-07 17:21:33,2025-06-07 18:22:30,60.95,3.5,1 Hrs. 00 Mins,03 Mins. 30 Secs,P.O. Maximiliano Anguizaca 368,See Report
25-047203,Emergency,Criminal Incidents,9-1-1,"282 American Legion Drive, Hackensack, NJ, 07601","American Legion Drive, 200 Block",G3,7.0,2025-06-08 10:11:05,2025-06-08 10:16:31,2025-06-08 10:23:09,2025-06-08 10:37:25,14.27,5.43,0 Hrs. 14 Mins,05 Mins. 25 Secs,P.O. Roselys Salas 369,See Report
25-048048,Routine,Criminal Incidents,Phone,"150 Main Street, Hackensack, NJ, 07601","Main Street, 100 Block",,,2025-06-11 04:34:09,2025-06-11 04:41:35,2025-06-11 04:41:47,2025-06-11 06:36:37,114.83,7.43,1 Hrs. 54 Mins,07 Mins. 25 Secs,P.O. Massimo Gallorini 379,See Report
25-048869,Emergency,Criminal Incidents,Phone,"211 Essex Street, Hackensack, NJ, 07601","Essex Street, 200 Block",F1,6.0,2025-06-13 14:52:59,2025-06-13 14:59:17,2025-06-13 14:59:32,2025-06-13 15:32:55,33.38,6.3,0 Hrs. 33 Mins,06 Mins. 17 Secs,P.O. Angelo Vicale 370,See Report
25-050281,Emergency,Criminal Incidents,Phone,"259 Park Street, Hackensack, NJ, 07601","Park Street, 200 Block",H2,8.0,2025-06-18 11:09:24,2025-06-18 11:32:34,2025-06-18 11:34:00,2025-06-18 12:29:29,55.48,23.17,0 Hrs. 55 Mins,23 Mins. 10 Secs,P.O. Micah Gibson 365,See Report
25-050476,Emergency,Criminal Incidents,Phone,"125 Lawrence Street, Hackensack, NJ, 07601","Lawrence Street, 100 Block",G2,7.0,2025-06-18 23:42:18,2025-06-18 23:46:48,2025-06-18 23:47:57,2025-06-19 01:01:23,73.43,4.5,1 Hrs. 13 Mins,04 Mins. 30 Secs,P.O. Paula Lopez 362,See Report
25-051165,Routine,Criminal Incidents,Walk-In,"81 Euclid Avenue, Hackensack, NJ, 07601","Euclid Avenue, 0 Block",I2,9.0,2025-06-21 10:42:26,2025-06-21 10:53:52,2025-06-21 10:54:06,2025-06-21 11:15:28,21.37,11.43,0 Hrs. 21 Mins,11 Mins. 25 Secs,P.O. Jacob Price 366,See Report
25-051170,Routine,Criminal Incidents,9-1-1,"336 Main Street, Hackensack, NJ, 07601","Main Street, 300 Block",H1,8.0,2025-06-21 11:03:13,2025-06-21 11:03:13,2025-06-21 11:03:13,2025-06-21 11:03:13,0.0,0.0,0 Hrs. 00 Mins,00 Mins. 00 Secs,P.O. Angelo Vicale 370,See Report
25-051478,Routine,Criminal Incidents,Phone,"95 Tracy Place, Hackensack, NJ, 07601","Tracy Place, 0 Block",G5,7.0,2025-06-22 11:25:43,2025-06-22 11:32:08,2025-06-22 11:37:34,2025-06-22 12:29:01,51.45,6.42,0 Hrs. 51 Mins,06 Mins. 25 Secs,P.O. Jacob Price 366,See Report
25-053161,Emergency,Criminal Incidents,9-1-1,"77 Prospect Avenue, Hackensack, NJ, 07601","Prospect Avenue, 0 Block",G4,7.0,2025-06-27 14:18:09,2025-06-27 15:08:26,2025-06-27 15:14:18,2025-06-27 15:55:38,41.33,50.28,0 Hrs. 41 Mins,50 Mins. 16 Secs,P.O. Angie Tabares 363,See Report
25-053984,Emergency,Criminal Incidents,9-1-1,"33 East Broadway, Hackensack, NJ, 07601","East Broadway, 0 Block",E2,5.0,2025-06-30 07:33:04,2025-06-30 07:36:10,2025-06-30 07:37:48,2025-06-30 08:03:55,26.12,3.1,0 Hrs. 26 Mins,03 Mins. 06 Secs,P.O. Laura Lopez-Amaya 374,See Report
25-054058,Emergency,Criminal Incidents,Phone,"100 Essex Street, Hackensack, NJ, 07601","Essex Street, 100 Block",G2,7.0,2025-06-30 11:16:33,2025-06-30 11:19:09,2025-06-30 11:22:50,2025-06-30 11:46:08,23.3,2.6,0 Hrs. 23 Mins,02 Mins. 36 Secs,P.O. Steven Lemanowicz 347,See Report
25-054890,Emergency,Criminal Incidents,Phone,"175 Passaic Street, Hackensack, NJ, 07601","Passaic Street, 100 Block",H3,8.0,2025-07-02 19:40:35,2025-07-02 19:42:00,2025-07-02 19:45:10,2025-07-02 20:13:11,28.02,1.42,0 Hrs. 28 Mins,01 Mins. 25 Secs,P.O. Forrod Bonsu 353,See Report
25-055122,Emergency,Criminal Incidents,Phone,"400 Hackensack Avenue, Hackensack, NJ, 07601","Hackensack Avenue, 400 Block",I6,9.0,2025-07-03 10:21:39,2025-07-03 10:49:17,2025-07-03 10:59:52,2025-07-03 11:21:12,21.33,27.63,0 Hrs. 21 Mins,27 Mins. 37 Secs,P.O. Jann Aberde 386,See Report
25-055295,Emergency,Criminal Incidents,Other - See Notes,"275 Beech Street, Hackensack, NJ, 07601","Beech Street, 200 Block",G4,7.0,2025-07-03 21:34:51,2025-07-03 21:34:51,2025-07-03 21:34:51,2025-07-03 21:34:51,0.0,0.0,0 Hrs. 00 Mins,00 Mins. 00 Secs,Det. Cristobal Lara-Nunez 341,See Report
25-056435,Emergency,Criminal Incidents,9-1-1,"65 Court Street, Hackensack, NJ, 07601","Court Street, 0 Block",E1,5.0,2025-07-07 14:40:14,2025-07-07 14:44:00,2025-07-07 14:47:19,2025-07-07 18:52:49,245.5,3.77,4 Hrs. 05 Mins,03 Mins. 46 Secs,P.O. Bobby Rivera 361,See Report
25-056999,Emergency,Criminal Incidents,Walk-In,"240 First Street, Hackensack, NJ, 07601","First Street, 200 Block",H3,8.0,2025-07-09 00:29:06,2025-07-09 00:32:07,2025-07-09 00:34:18,2025-07-09 01:11:47,37.48,3.02,0 Hrs. 37 Mins,03 Mins. 01 Secs,P.O. Angelo Vicale 370,See Report
25-057343,Emergency,Criminal Incidents,9-1-1,"50 Main Street, Hackensack, NJ, 07601","Main Street, 0 Block",G1,7.0,2025-07-10 02:32:02,2025-07-10 02:33:29,2025-07-10 02:33:45,2025-07-10 04:55:17,141.53,1.45,2 Hrs. 21 Mins,01 Mins. 26 Secs,P.O. Alexander Reyes 355,See Report
25-058041,Emergency,Criminal Incidents,Phone,"4 Camden Street, Hackensack, NJ, 07601","Camden Street, 0 Block",H2,8.0,2025-07-12 07:00:06,2025-07-12 07:03:50,2025-07-12 07:03:52,2025-07-12 08:21:13,77.35,3.73,1 Hrs. 17 Mins,03 Mins. 43 Secs,P.O. Paula Lopez 362,See Report
25-058331,Emergency,Criminal Incidents,Phone,"215 Charles Street, Hackensack, NJ, 07601","Charles Street, 200 Block",F1,6.0,2025-07-13 02:47:47,2025-07-13 02:50:34,2025-07-13 02:54:44,2025-07-13 04:12:38,77.9,2.78,1 Hrs. 17 Mins,02 Mins. 46 Secs,P.O. Juda DeOliveira 376,See Report
25-058451,Emergency,Criminal Incidents,9-1-1,"210 Main Street, Hackensack, NJ, 07601","Main Street, 200 Block",H1,8.0,2025-07-13 13:18:19,2025-07-13 13:43:22,2025-07-13 13:51:58,2025-07-13 14:58:53,66.92,25.05,1 Hrs. 06 Mins,25 Mins. 03 Secs,P.O. Nart Marza 321,See Report
25-058726,Emergency,Criminal Incidents,Walk-In,"80 South River Street, Hackensack, NJ, 07601","South River Street, 0 Block",E1,5.0,2025-07-14 13:09:00,2025-07-14 13:19:31,2025-07-14 13:19:34,2025-07-14 13:55:21,35.78,10.52,0 Hrs. 35 Mins,10 Mins. 31 Secs,P.O. Christopher Cole 385,See Report
25-059260,Emergency,Criminal Incidents,Phone,"18 Lodi Street, Hackensack, NJ, 07601","Lodi Street, 0 Block",E2,5.0,2025-07-16 04:59:48,2025-07-16 05:00:59,2025-07-16 05:17:07,2025-07-16 05:33:07,16.0,1.18,0 Hrs. 16 Mins,01 Mins. 10 Secs,P.O. Laura Lopez-Amaya 374,See Report
25-060006,Emergency,Criminal Incidents,9-1-1,"30 Prospect Avenue, Hackensack, NJ, 07601","Prospect Avenue, 0 Block",G4,7.0,2025-07-18 05:46:58,2025-07-18 05:49:47,2025-07-18 05:49:50,2025-07-18 13:48:51,479.02,2.82,7 Hrs. 59 Mins,02 Mins. 49 Secs,P.O. Jems Peralta 384,See Report
25-060143,Emergency,Criminal Incidents,Walk-In,"65 Court Street, Hackensack, NJ, 07601","Court Street, 0 Block",E1,5.0,2025-07-18 15:51:45,2025-07-18 15:54:39,2025-07-18 16:12:56,2025-07-18 17:04:53,51.95,2.9,0 Hrs. 51 Mins,02 Mins. 53 Secs,SPO. Aster Abueg 817,See Report
25-060392,Emergency,Criminal Incidents,9-1-1,"307 Maple Hill Drive, Hackensack, NJ, 07601","Maple Hill Drive, 300 Block",H5,8.0,2025-07-19 14:30:03,2025-07-19 14:32:07,2025-07-19 14:38:57,2025-07-19 15:25:50,46.88,2.07,0 Hrs. 46 Mins,02 Mins. 04 Secs,P.O. Christopher Cole 385,See Report
25-060401,Emergency,Criminal Incidents,Radio,"307 Maple Hill Drive, Hackensack, NJ, 07601","Maple Hill Drive, 300 Block",H5,8.0,2025-07-19 14:59:35,2025-07-19 14:59:35,2025-07-19 14:59:35,2025-07-19 14:59:35,0.0,0.0,0 Hrs. 00 Mins,00 Mins. 00 Secs,P.O. Christopher Cole 385,See Report
25-060402,Emergency,Criminal Incidents,Radio,"307 Maple Hill Drive, Hackensack, NJ, 07601","Maple Hill Drive, 300 Block",,,2025-07-19 15:01:51,2025-07-19 15:01:51,2025-07-19 15:01:51,2025-07-19 15:01:51,0.0,0.0,0 Hrs. 00 Mins,00 Mins. 00 Secs,P.O. Christopher Cole 385,See Report
25-061119,Routine,Criminal Incidents,9-1-1,"33 Oak Street, Hackensack, NJ, 07601","Oak Street, 0 Block",I4,9.0,2025-07-21 18:35:31,2025-07-21 18:49:16,2025-07-21 19:00:10,2025-07-21 22:54:14,234.07,13.75,3 Hrs. 54 Mins,13 Mins. 45 Secs,P.O. Juda DeOliveira 376,See Report
25-061760,Emergency,Criminal Incidents,Walk-In,"469 Passaic Street, Hackensack, NJ, 07601","Passaic Street, 400 Block",H5,8.0,2025-07-23 12:07:08,2025-07-23 12:54:44,2025-07-23 12:54:54,2025-07-23 12:55:15,0.35,47.6,0 Hrs. 00 Mins,47 Mins. 36 Secs,P.O. Kevin Small 328,See Report
25-062452,Emergency,Criminal Incidents,Phone,"90 Hackensack Avenue, Hackensack, NJ, 07601","Hackensack Avenue, 0 Block",I1,9.0,2025-07-25 11:03:20,2025-07-25 11:06:36,2025-07-25 11:12:35,2025-07-25 11:50:48,38.22,3.27,0 Hrs. 38 Mins,03 Mins. 16 Secs,P.O. Nicholas Mazzaccaro 377,See Report
25-062738,Emergency,Criminal Incidents,Phone,"81 Euclid Avenue, Hackensack, NJ, 07601","Euclid Avenue, 0 Block",I2,9.0,2025-07-26 05:57:20,2025-07-26 06:03:56,2025-07-26 06:18:48,2025-07-26 06:43:28,24.67,6.6,0 Hrs. 24 Mins,06 Mins. 35 Secs,P.O. Nicholas Mazzaccaro 377,See Report
25-063212,Routine,Criminal Incidents,Walk-In,"Hudson Street & Liberty Street, Hackensack, NJ, 07601",Hudson Street & Liberty Street,,,2025-07-27 18:13:17,2025-07-27 18:13:17,2025-07-27 18:13:17,2025-07-27 18:13:17,0.0,0.0,0 Hrs. 00 Mins,00 Mins. 00 Secs,P.O. Ruben Almonte 359,See Report
25-063524,Emergency,Criminal Incidents,Walk-In,"75 Atlantic Street, Hackensack, NJ, 07601","Atlantic Street, 0 Block",G2,7.0,2025-07-28 16:40:09,2025-07-28 16:41:18,2025-07-28 16:56:22,2025-07-28 17:51:10,54.8,1.15,0 Hrs. 54 Mins,01 Mins. 08 Secs,P.O. Massimo Gallorini 379,See Report
